# Utah Teapot Mesh
# Version: 1976 - Jim Blinn
# Triangle Mesh Resolution: 6 (1992 faces)
# o Utah Teapot

v -1.5 2.1 0
v -1.507407 2.083333 -0.125
v -1.525926 2.041666 -0.2
v -1.55 1.9875 -0.225
v -1.574074 1.933333 -0.2
v -1.592593 1.891667 -0.125
v -1.6 1.875 0
v -1.958333 2.097916 0
v -1.95583 2.081327 -0.125
v -1.949571 2.039853 -0.2
v -1.941435 1.985937 -0.225
v -1.933299 1.932021 -0.2
v -1.927041 1.890548 -0.125
v -1.924537 1.873958 0
v -2.333333 2.083333 0
v -2.323183 2.067284 -0.125
v -2.297805 2.02716 -0.2
v -2.264814 1.975 -0.225
v -2.231824 1.922839 -0.2
v -2.206447 1.882716 -0.125
v -2.196296 1.866667 0
v -2.625 2.04375 0
v -2.609259 2.029167 -0.125
v -2.569907 1.992708 -0.2
v -2.51875 1.945313 -0.225
v -2.467593 1.897916 -0.2
v -2.428241 1.861458 -0.125
v -2.4125 1.846875 0
v -2.833333 1.966667 0
v -2.813855 1.954938 -0.125
v -2.765157 1.925617 -0.2
v -2.701852 1.8875 -0.225
v -2.638546 1.849383 -0.2
v -2.589849 1.820062 -0.125
v -2.57037 1.808333 0
v -2.958333 1.839583 0
v -2.936763 1.832561 -0.125
v -2.882835 1.815007 -0.2
v -2.812732 1.792187 -0.225
v -2.742627 1.769367 -0.2
v -2.6887 1.751813 -0.125
v -2.66713 1.744792 0
v -3 1.65 0
v -2.977778 1.65 -0.125
v -2.922222 1.65 -0.2
v -2.85 1.65 -0.225
v -2.777778 1.65 -0.2
v -2.722222 1.65 -0.125
v -2.7 1.65 0
v -1.507407 2.083333 0.125
v -1.525926 2.041666 0.2
v -1.55 1.9875 0.225
v -1.574074 1.933333 0.2
v -1.592593 1.891667 0.125
v -1.95583 2.081327 0.125
v -1.949571 2.039853 0.2
v -1.941435 1.985937 0.225
v -1.933299 1.932021 0.2
v -1.927041 1.890548 0.125
v -2.323183 2.067284 0.125
v -2.297805 2.02716 0.2
v -2.264814 1.975 0.225
v -2.231824 1.922839 0.2
v -2.206447 1.882716 0.125
v -2.609259 2.029167 0.125
v -2.569907 1.992708 0.2
v -2.51875 1.945313 0.225
v -2.467593 1.897916 0.2
v -2.428241 1.861458 0.125
v -2.813855 1.954938 0.125
v -2.765157 1.925617 0.2
v -2.701852 1.8875 0.225
v -2.638546 1.849383 0.2
v -2.589849 1.820062 0.125
v -2.936763 1.832561 0.125
v -2.882835 1.815007 0.2
v -2.812732 1.792187 0.225
v -2.742627 1.769367 0.2
v -2.6887 1.751813 0.125
v -2.977778 1.65 0.125
v -2.922222 1.65 0.2
v -2.85 1.65 0.225
v -2.777778 1.65 0.2
v -2.722222 1.65 0.125
v -2.970602 1.428298 0
v -2.949288 1.435153 -0.125
v -2.896004 1.452289 -0.2
v -2.826736 1.474566 -0.225
v -2.757467 1.496843 -0.2
v -2.704184 1.513979 -0.125
v -2.68287 1.520833 0
v -2.881481 1.213889 0
v -2.862825 1.225206 -0.125
v -2.816186 1.253498 -0.2
v -2.755555 1.290278 -0.225
v -2.694924 1.327057 -0.2
v -2.648285 1.35535 -0.125
v -2.629629 1.366667 0
v -2.73125 1.007812 0
v -2.716898 1.022049 -0.125
v -2.681018 1.057639 -0.2
v -2.634375 1.103906 -0.225
v -2.587731 1.150174 -0.2
v -2.551852 1.185764 -0.125
v -2.5375 1.2 0
v -2.518518 0.811111 0
v -2.510013 0.8275719 -0.125
v -2.488751 0.868724 -0.2
v -2.461111 0.9222221 -0.225
v -2.43347 0.9757202 -0.2
v -2.412209 1.016872 -0.125
v -2.403704 1.033333 0
v -2.241898 0.6248264 0
v -2.24068 0.6436664 -0.125
v -2.237637 0.6907663 -0.2
v -2.233681 0.7519965 -0.225
v -2.229724 0.8132266 -0.2
v -2.22668 0.8603266 -0.125
v -2.225463 0.8791666 0
v -1.9 0.45 0
v -1.907407 0.4722223 -0.125
v -1.925926 0.5277777 -0.2
v -1.95 0.6 -0.225
v -1.974074 0.6722223 -0.2
v -1.992593 0.7277778 -0.125
v -2 0.75 0
v -2.949288 1.435153 0.125
v -2.896004 1.452289 0.2
v -2.826736 1.474566 0.225
v -2.757467 1.496843 0.2
v -2.704184 1.513979 0.125
v -2.862825 1.225206 0.125
v -2.816186 1.253498 0.2
v -2.755555 1.290278 0.225
v -2.694924 1.327057 0.2
v -2.648285 1.35535 0.125
v -2.716898 1.022049 0.125
v -2.681018 1.057639 0.2
v -2.634375 1.103906 0.225
v -2.587731 1.150174 0.2
v -2.551852 1.185764 0.125
v -2.510013 0.8275719 0.125
v -2.488751 0.868724 0.2
v -2.461111 0.9222221 0.225
v -2.43347 0.9757202 0.2
v -2.412209 1.016872 0.125
v -2.24068 0.6436664 0.125
v -2.237637 0.6907663 0.2
v -2.233681 0.7519965 0.225
v -2.229724 0.8132266 0.2
v -2.22668 0.8603266 0.125
v -1.907407 0.4722223 0.125
v -1.925926 0.5277777 0.2
v -1.95 0.6 0.225
v -1.974074 0.6722223 0.2
v -1.992593 0.7277778 0.125
v 2.8 2.25 0
v 2.82963 2.25 -0.0625
v 2.903703 2.25 -0.1
v 3 2.25 -0.1125
v 3.096296 2.25 -0.1
v 3.170371 2.25 -0.06250001
v 3.2 2.25 0
v 2.834259 2.28125 0
v 2.869487 2.282311 -0.06558642
v 2.957557 2.284963 -0.1049383
v 3.072048 2.288412 -0.1180556
v 3.18654 2.291859 -0.1049383
v 3.27461 2.294512 -0.06558643
v 3.309838 2.295573 0
v 2.84074 2.3 0
v 2.881207 2.301543 -0.07330246
v 2.982373 2.305401 -0.1172839
v 3.113889 2.310417 -0.1319444
v 3.245404 2.315432 -0.1172839
v 3.34657 2.31929 -0.07330247
v 3.387037 2.320833 0
v 2.825 2.30625 0
v 2.869676 2.307812 -0.08333334
v 2.981365 2.311718 -0.1333333
v 3.126563 2.316797 -0.15
v 3.27176 2.321875 -0.1333333
v 3.383449 2.325781 -0.08333334
v 3.428125 2.327344 0
v 2.792593 2.3 0
v 2.83978 2.301234 -0.0933642
v 2.95775 2.304321 -0.1493827
v 3.111111 2.308333 -0.1680556
v 3.264472 2.312346 -0.1493827
v 3.382442 2.315432 -0.0933642
v 3.42963 2.316667 0
v 2.749074 2.28125 0
v 2.796408 2.281925 -0.1010802
v 2.914742 2.283613 -0.1617284
v 3.068576 2.285807 -0.1819444
v 3.222411 2.288001 -0.1617284
v 3.340745 2.28969 -0.1010803
v 3.388079 2.290365 0
v 2.7 2.25 0
v 2.744445 2.25 -0.1041667
v 2.855555 2.25 -0.1666667
v 3 2.25 -0.1875
v 3.144444 2.25 -0.1666667
v 3.255556 2.25 -0.1041667
v 3.3 2.25 0
v 2.82963 2.25 0.0625
v 2.903703 2.25 0.1
v 3 2.25 0.1125
v 3.096296 2.25 0.1
v 3.170371 2.25 0.06250001
v 2.869487 2.282311 0.06558642
v 2.957557 2.284963 0.1049383
v 3.072048 2.288412 0.1180556
v 3.18654 2.291859 0.1049383
v 3.27461 2.294512 0.06558643
v 2.881207 2.301543 0.07330246
v 2.982373 2.305401 0.1172839
v 3.113889 2.310417 0.1319444
v 3.245404 2.315432 0.1172839
v 3.34657 2.31929 0.07330247
v 2.869676 2.307812 0.08333334
v 2.981365 2.311718 0.1333333
v 3.126563 2.316797 0.15
v 3.27176 2.321875 0.1333333
v 3.383449 2.325781 0.08333334
v 2.83978 2.301234 0.0933642
v 2.95775 2.304321 0.1493827
v 3.111111 2.308333 0.1680556
v 3.264472 2.312346 0.1493827
v 3.382442 2.315432 0.0933642
v 2.796408 2.281925 0.1010802
v 2.914742 2.283613 0.1617284
v 3.068576 2.285807 0.1819444
v 3.222411 2.288001 0.1617284
v 3.340745 2.28969 0.1010803
v 2.744445 2.25 0.1041667
v 2.855555 2.25 0.1666667
v 3 2.25 0.1875
v 3.144444 2.25 0.1666667
v 3.255556 2.25 0.1041667
v 2.549537 2.073611 0
v 2.580401 2.068313 -0.116821
v 2.657562 2.055067 -0.1869136
v 2.75787 2.037847 -0.2102778
v 2.858179 2.020627 -0.1869136
v 2.935339 2.007382 -0.116821
v 2.966203 2.002083 0
v 2.462963 1.863889 0
v 2.487654 1.849279 -0.1484568
v 2.549382 1.812757 -0.2375308
v 2.629629 1.765277 -0.2672222
v 2.709877 1.717798 -0.2375308
v 2.771605 1.681275 -0.1484568
v 2.796296 1.666666 0
v 2.3875 1.65 0
v 2.409722 1.623611 -0.1895834
v 2.465277 1.557639 -0.3033333
v 2.5375 1.471875 -0.34125
v 2.609722 1.386111 -0.3033333
v 2.665278 1.320139 -0.1895834
v 2.6875 1.29375 0
v 2.27037 1.461111 0
v 2.290123 1.422016 -0.2307099
v 2.339506 1.32428 -0.3691358
v 2.403704 1.197222 -0.4152778
v 2.467901 1.070165 -0.3691358
v 2.517284 0.9724279 -0.2307099
v 2.537037 0.9333332 0
v 2.058796 1.326389 0
v 2.072376 1.275206 -0.2623457
v 2.106327 1.147248 -0.4197531
v 2.150463 0.9809028 -0.4722222
v 2.194599 0.8145576 -0.4197531
v 2.228549 0.6866 -0.2623457
v 2.24213 0.6354168 0
v 1.7 1.275 0
v 1.7 1.213889 -0.275
v 1.7 1.061111 -0.44
v 1.7 0.8625 -0.495
v 1.7 0.6638888 -0.44
v 1.7 0.5111112 -0.275
v 1.7 0.45 0
v 2.580401 2.068313 0.116821
v 2.657562 2.055067 0.1869136
v 2.75787 2.037847 0.2102778
v 2.858179 2.020627 0.1869136
v 2.935339 2.007382 0.116821
v 2.487654 1.849279 0.1484568
v 2.549382 1.812757 0.2375308
v 2.629629 1.765277 0.2672222
v 2.709877 1.717798 0.2375308
v 2.771605 1.681275 0.1484568
v 2.409722 1.623611 0.1895834
v 2.465277 1.557639 0.3033333
v 2.5375 1.471875 0.34125
v 2.609722 1.386111 0.3033333
v 2.665278 1.320139 0.1895834
v 2.290123 1.422016 0.2307099
v 2.339506 1.32428 0.3691358
v 2.403704 1.197222 0.4152778
v 2.467901 1.070165 0.3691358
v 2.517284 0.9724279 0.2307099
v 2.072376 1.275206 0.2623457
v 2.106327 1.147248 0.4197531
v 2.150463 0.9809028 0.4722222
v 2.194599 0.8145576 0.4197531
v 2.228549 0.6866 0.2623457
v 1.7 1.213889 0.275
v 1.7 1.061111 0.44
v 1.7 0.8625 0.495
v 1.7 0.6638888 0.44
v 1.7 0.5111112 0.275
v 0 3 0
v -0.2787037 2.977083 0
v -0.2689457 2.977083 -0.07507823
v -0.2412846 2.977083 -0.1419314
v -0.1981401 2.977083 -0.1981401
v -0.1419314 2.977083 -0.2412846
v -0.07507825 2.977083 -0.2689457
v 0 2.977083 -0.2787037
v -0.3629629 2.916666 0
v -0.3502538 2.916666 -0.09777091
v -0.3142276 2.916666 -0.184834
v -0.258037 2.916666 -0.258037
v -0.184834 2.916666 -0.3142277
v -0.09777094 2.916666 -0.3502538
v 0 2.916666 -0.3629629
v -0.325 2.83125 0
v -0.3136169 2.83125 -0.08752894
v -0.2813518 2.83125 -0.1654815
v -0.2310313 2.83125 -0.2310313
v -0.1654815 2.83125 -0.2813519
v -0.08752895 2.83125 -0.3136169
v 0 2.83125 -0.325
v -0.237037 2.733333 0
v -0.2287277 2.733333 -0.06380315
v -0.2051797 2.733333 -0.1206475
v -0.168463 2.733333 -0.168463
v -0.1206474 2.733333 -0.2051797
v -0.06380317 2.733333 -0.2287277
v 0 2.733333 -0.237037
v -0.1712963 2.635417 0
v -0.1652789 2.635416 -0.04604445
v -0.1482339 2.635417 -0.08710562
v -0.1216725 2.635417 -0.1216725
v -0.08710561 2.635417 -0.1482339
v -0.04604446 2.635417 -0.1652789
v 0 2.635417 -0.1712963
v -0.2 2.55 0
v -0.192963 2.55 -0.0537037
v -0.173037 2.55 -0.1016296
v -0.142 2.55 -0.142
v -0.1016296 2.55 -0.173037
v -0.05370371 2.55 -0.192963
v 0 2.55 -0.2
v 0.07507823 2.977083 -0.2689457
v 0.1419314 2.977083 -0.2412846
v 0.1981401 2.977083 -0.1981401
v 0.2412846 2.977083 -0.1419314
v 0.2689457 2.977083 -0.07507825
v 0.2787037 2.977083 0
v 0.09777091 2.916666 -0.3502538
v 0.184834 2.916666 -0.3142276
v 0.258037 2.916666 -0.258037
v 0.3142277 2.916666 -0.184834
v 0.3502538 2.916666 -0.09777094
v 0.3629629 2.916666 0
v 0.08752894 2.83125 -0.3136169
v 0.1654815 2.83125 -0.2813518
v 0.2310313 2.83125 -0.2310313
v 0.2813519 2.83125 -0.1654815
v 0.3136169 2.83125 -0.08752895
v 0.325 2.83125 0
v 0.06380315 2.733333 -0.2287277
v 0.1206475 2.733333 -0.2051797
v 0.168463 2.733333 -0.168463
v 0.2051797 2.733333 -0.1206474
v 0.2287277 2.733333 -0.06380317
v 0.237037 2.733333 0
v 0.04604445 2.635416 -0.1652789
v 0.08710562 2.635417 -0.1482339
v 0.1216725 2.635417 -0.1216725
v 0.1482339 2.635417 -0.08710561
v 0.1652789 2.635417 -0.04604446
v 0.1712963 2.635417 0
v 0.0537037 2.55 -0.192963
v 0.1016296 2.55 -0.173037
v 0.142 2.55 -0.142
v 0.173037 2.55 -0.1016296
v 0.192963 2.55 -0.05370371
v 0.2 2.55 0
v 0 2.977083 0.2787037
v 0.07507823 2.977083 0.2689457
v 0.1419314 2.977083 0.2412846
v 0.1981401 2.977083 0.1981401
v 0.2412846 2.977083 0.1419314
v 0.2689457 2.977083 0.07507825
v 0 2.916666 0.3629629
v 0.09777091 2.916666 0.3502538
v 0.184834 2.916666 0.3142276
v 0.258037 2.916666 0.258037
v 0.3142277 2.916666 0.184834
v 0.3502538 2.916666 0.09777094
v 0 2.83125 0.325
v 0.08752894 2.83125 0.3136169
v 0.1654815 2.83125 0.2813518
v 0.2310313 2.83125 0.2310313
v 0.2813519 2.83125 0.1654815
v 0.3136169 2.83125 0.08752895
v 0 2.733333 0.237037
v 0.06380315 2.733333 0.2287277
v 0.1206475 2.733333 0.2051797
v 0.168463 2.733333 0.168463
v 0.2051797 2.733333 0.1206474
v 0.2287277 2.733333 0.06380317
v 0 2.635417 0.1712963
v 0.04604445 2.635416 0.1652789
v 0.08710562 2.635417 0.1482339
v 0.1216725 2.635417 0.1216725
v 0.1482339 2.635417 0.08710561
v 0.1652789 2.635417 0.04604446
v 0 2.55 0.2
v 0.0537037 2.55 0.192963
v 0.1016296 2.55 0.173037
v 0.142 2.55 0.142
v 0.173037 2.55 0.1016296
v 0.192963 2.55 0.05370371
v -0.2689457 2.977083 0.07507823
v -0.2412846 2.977083 0.1419314
v -0.1981401 2.977083 0.1981401
v -0.1419314 2.977083 0.2412846
v -0.07507825 2.977083 0.2689457
v -0.3502538 2.916666 0.09777091
v -0.3142276 2.916666 0.184834
v -0.258037 2.916666 0.258037
v -0.184834 2.916666 0.3142277
v -0.09777094 2.916666 0.3502538
v -0.3136169 2.83125 0.08752894
v -0.2813518 2.83125 0.1654815
v -0.2310313 2.83125 0.2310313
v -0.1654815 2.83125 0.2813519
v -0.08752895 2.83125 0.3136169
v -0.2287277 2.733333 0.06380315
v -0.2051797 2.733333 0.1206475
v -0.168463 2.733333 0.168463
v -0.1206474 2.733333 0.2051797
v -0.06380317 2.733333 0.2287277
v -0.1652789 2.635416 0.04604445
v -0.1482339 2.635417 0.08710562
v -0.1216725 2.635417 0.1216725
v -0.08710561 2.635417 0.1482339
v -0.04604446 2.635417 0.1652789
v -0.192963 2.55 0.0537037
v -0.173037 2.55 0.1016296
v -0.142 2.55 0.142
v -0.1016296 2.55 0.173037
v -0.05370371 2.55 0.192963
v -0.3509259 2.486111 0
v -0.3385785 2.486111 -0.0942301
v -0.3036158 2.486111 -0.1783224
v -0.2491574 2.486111 -0.2491574
v -0.1783223 2.486111 -0.3036159
v -0.09423011 2.486111 -0.3385785
v 0 2.486111 -0.3509259
v -0.574074 2.438889 0
v -0.5538752 2.438889 -0.1541495
v -0.4966803 2.438889 -0.2917147
v -0.4075925 2.438889 -0.4075925
v -0.2917146 2.438889 -0.4966803
v -0.1541495 2.438889 -0.5538752
v 0 2.438889 -0.574074
v -0.825 2.4 0
v -0.7959722 2.4 -0.2215278
v -0.7137777 2.4 -0.4192222
v -0.58575 2.4 -0.58575
v -0.4192222 2.4 -0.7137778
v -0.2215278 2.4 -0.7959722
v 0 2.4 -0.825
v -1.059259 2.361111 0
v -1.021989 2.361111 -0.2844307
v -0.9164553 2.361111 -0.5382606
v -0.752074 2.361111 -0.752074
v -0.5382606 2.361111 -0.9164554
v -0.2844307 2.361111 -1.021989
v 0 2.361111 -1.059259
v -1.232407 2.313889 0
v -1.189045 2.313889 -0.3309242
v -1.06626 2.313889 -0.6262455
v -0.8750093 2.313889 -0.8750093
v -0.6262454 2.313889 -1.066261
v -0.3309242 2.313889 -1.189045
v 0 2.313889 -1.232407
v -1.3 2.25 0
v -1.254259 2.25 -0.3490741
v -1.12474 2.25 -0.6605926
v -0.923 2.25 -0.923
v -0.6605925 2.25 -1.124741
v -0.3490741 2.25 -1.254259
v 0 2.25 -1.3
v 0.0942301 2.486111 -0.3385785
v 0.1783224 2.486111 -0.3036158
v 0.2491574 2.486111 -0.2491574
v 0.3036159 2.486111 -0.1783223
v 0.3385785 2.486111 -0.09423011
v 0.3509259 2.486111 0
v 0.1541495 2.438889 -0.5538752
v 0.2917147 2.438889 -0.4966803
v 0.4075925 2.438889 -0.4075925
v 0.4966803 2.438889 -0.2917146
v 0.5538752 2.438889 -0.1541495
v 0.574074 2.438889 0
v 0.2215278 2.4 -0.7959722
v 0.4192222 2.4 -0.7137777
v 0.58575 2.4 -0.58575
v 0.7137778 2.4 -0.4192222
v 0.7959722 2.4 -0.2215278
v 0.825 2.4 0
v 0.2844307 2.361111 -1.021989
v 0.5382606 2.361111 -0.9164553
v 0.752074 2.361111 -0.752074
v 0.9164554 2.361111 -0.5382606
v 1.021989 2.361111 -0.2844307
v 1.059259 2.361111 0
v 0.3309242 2.313889 -1.189045
v 0.6262455 2.313889 -1.06626
v 0.8750093 2.313889 -0.8750093
v 1.066261 2.313889 -0.6262454
v 1.189045 2.313889 -0.3309242
v 1.232407 2.313889 0
v 0.3490741 2.25 -1.254259
v 0.6605926 2.25 -1.12474
v 0.923 2.25 -0.923
v 1.124741 2.25 -0.6605925
v 1.254259 2.25 -0.3490741
v 1.3 2.25 0
v 0 2.486111 0.3509259
v 0.0942301 2.486111 0.3385785
v 0.1783224 2.486111 0.3036158
v 0.2491574 2.486111 0.2491574
v 0.3036159 2.486111 0.1783223
v 0.3385785 2.486111 0.09423011
v 0 2.438889 0.574074
v 0.1541495 2.438889 0.5538752
v 0.2917147 2.438889 0.4966803
v 0.4075925 2.438889 0.4075925
v 0.4966803 2.438889 0.2917146
v 0.5538752 2.438889 0.1541495
v 0 2.4 0.825
v 0.2215278 2.4 0.7959722
v 0.4192222 2.4 0.7137777
v 0.58575 2.4 0.58575
v 0.7137778 2.4 0.4192222
v 0.7959722 2.4 0.2215278
v 0 2.361111 1.059259
v 0.2844307 2.361111 1.021989
v 0.5382606 2.361111 0.9164553
v 0.752074 2.361111 0.752074
v 0.9164554 2.361111 0.5382606
v 1.021989 2.361111 0.2844307
v 0 2.313889 1.232407
v 0.3309242 2.313889 1.189045
v 0.6262455 2.313889 1.06626
v 0.8750093 2.313889 0.8750093
v 1.066261 2.313889 0.6262454
v 1.189045 2.313889 0.3309242
v 0 2.25 1.3
v 0.3490741 2.25 1.254259
v 0.6605926 2.25 1.12474
v 0.923 2.25 0.923
v 1.124741 2.25 0.6605925
v 1.254259 2.25 0.3490741
v -0.3385785 2.486111 0.0942301
v -0.3036158 2.486111 0.1783224
v -0.2491574 2.486111 0.2491574
v -0.1783223 2.486111 0.3036159
v -0.09423011 2.486111 0.3385785
v -0.5538752 2.438889 0.1541495
v -0.4966803 2.438889 0.2917147
v -0.4075925 2.438889 0.4075925
v -0.2917146 2.438889 0.4966803
v -0.1541495 2.438889 0.5538752
v -0.7959722 2.4 0.2215278
v -0.7137777 2.4 0.4192222
v -0.58575 2.4 0.58575
v -0.4192222 2.4 0.7137778
v -0.2215278 2.4 0.7959722
v -1.021989 2.361111 0.2844307
v -0.9164553 2.361111 0.5382606
v -0.752074 2.361111 0.752074
v -0.5382606 2.361111 0.9164554
v -0.2844307 2.361111 1.021989
v -1.189045 2.313889 0.3309242
v -1.06626 2.313889 0.6262455
v -0.8750093 2.313889 0.8750093
v -0.6262454 2.313889 1.066261
v -0.3309242 2.313889 1.189045
v -1.254259 2.25 0.3490741
v -1.12474 2.25 0.6605926
v -0.923 2.25 0.923
v -0.6605925 2.25 1.124741
v -0.3490741 2.25 1.254259
v -1.4 2.25 0
v -1.350741 2.25 -0.3759259
v -1.211259 2.25 -0.7114074
v -0.994 2.25 -0.994
v -0.7114074 2.25 -1.211259
v -0.375926 2.25 -1.350741
v 0 2.25 -1.4
v -1.381366 2.304688 0
v -1.332762 2.304688 -0.3709222
v -1.195137 2.304687 -0.7019385
v -0.9807696 2.304688 -0.9807696
v -0.7019385 2.304687 -1.195137
v -0.3709223 2.304688 -1.332762
v 0 2.304688 -1.381366
v -1.384259 2.3375 0
v -1.335554 2.3375 -0.3716992
v -1.19764 2.337499 -0.7034087
v -0.982824 2.3375 -0.982824
v -0.7034087 2.3375 -1.19764
v -0.3716992 2.3375 -1.335554
v 0 2.3375 -1.384259
v -1.403125 2.348438 0
v -1.353756 2.348438 -0.376765
v -1.213963 2.348437 -0.7129954
v -0.9962187 2.348438 -0.9962187
v -0.7129953 2.348437 -1.213963
v -0.3767651 2.348438 -1.353756
v 0 2.348438 -1.403125
v -1.432407 2.3375 0
v -1.382008 2.3375 -0.3846279
v -1.239297 2.3375 -0.7278751
v -1.017009 2.3375 -1.017009
v -0.7278751 2.3375 -1.239298
v -0.384628 2.3375 -1.382008
v 0 2.3375 -1.432407
v -1.466551 2.304688 0
v -1.41495 2.304688 -0.3937961
v -1.268838 2.304687 -0.7452251
v -1.041251 2.304688 -1.041251
v -0.7452251 2.304688 -1.268838
v -0.3937961 2.304688 -1.41495
v 0 2.304688 -1.466551
v -1.5 2.25 0
v -1.447222 2.25 -0.4027778
v -1.297778 2.25 -0.7622222
v -1.065 2.25 -1.065
v -0.7622222 2.25 -1.297778
v -0.4027778 2.25 -1.447222
v 0 2.25 -1.5
v 0.3759259 2.25 -1.350741
v 0.7114074 2.25 -1.211259
v 0.994 2.25 -0.994
v 1.211259 2.25 -0.7114074
v 1.350741 2.25 -0.375926
v 1.4 2.25 0
v 0.3709222 2.304688 -1.332762
v 0.7019385 2.304687 -1.195137
v 0.9807696 2.304688 -0.9807696
v 1.195137 2.304687 -0.7019385
v 1.332762 2.304688 -0.3709223
v 1.381366 2.304688 0
v 0.3716992 2.3375 -1.335554
v 0.7034087 2.337499 -1.19764
v 0.982824 2.3375 -0.982824
v 1.19764 2.3375 -0.7034087
v 1.335554 2.3375 -0.3716992
v 1.384259 2.3375 0
v 0.376765 2.348438 -1.353756
v 0.7129954 2.348437 -1.213963
v 0.9962187 2.348438 -0.9962187
v 1.213963 2.348437 -0.7129953
v 1.353756 2.348438 -0.3767651
v 1.403125 2.348438 0
v 0.3846279 2.3375 -1.382008
v 0.7278751 2.3375 -1.239297
v 1.017009 2.3375 -1.017009
v 1.239298 2.3375 -0.7278751
v 1.382008 2.3375 -0.384628
v 1.432407 2.3375 0
v 0.3937961 2.304688 -1.41495
v 0.7452251 2.304687 -1.268838
v 1.041251 2.304688 -1.041251
v 1.268838 2.304688 -0.7452251
v 1.41495 2.304688 -0.3937961
v 1.466551 2.304688 0
v 0.4027778 2.25 -1.447222
v 0.7622222 2.25 -1.297778
v 1.065 2.25 -1.065
v 1.297778 2.25 -0.7622222
v 1.447222 2.25 -0.4027778
v 1.5 2.25 0
v 0 2.25 1.4
v 0.3759259 2.25 1.350741
v 0.7114074 2.25 1.211259
v 0.994 2.25 0.994
v 1.211259 2.25 0.7114074
v 1.350741 2.25 0.375926
v 0 2.304688 1.381366
v 0.3709222 2.304688 1.332762
v 0.7019385 2.304687 1.195137
v 0.9807696 2.304688 0.9807696
v 1.195137 2.304687 0.7019385
v 1.332762 2.304688 0.3709223
v 0 2.3375 1.384259
v 0.3716992 2.3375 1.335554
v 0.7034087 2.337499 1.19764
v 0.982824 2.3375 0.982824
v 1.19764 2.3375 0.7034087
v 1.335554 2.3375 0.3716992
v 0 2.348438 1.403125
v 0.376765 2.348438 1.353756
v 0.7129954 2.348437 1.213963
v 0.9962187 2.348438 0.9962187
v 1.213963 2.348437 0.7129953
v 1.353756 2.348438 0.3767651
v 0 2.3375 1.432407
v 0.3846279 2.3375 1.382008
v 0.7278751 2.3375 1.239297
v 1.017009 2.3375 1.017009
v 1.239298 2.3375 0.7278751
v 1.382008 2.3375 0.384628
v 0 2.304688 1.466551
v 0.3937961 2.304688 1.41495
v 0.7452251 2.304687 1.268838
v 1.041251 2.304688 1.041251
v 1.268838 2.304688 0.7452251
v 1.41495 2.304688 0.3937961
v 0 2.25 1.5
v 0.4027778 2.25 1.447222
v 0.7622222 2.25 1.297778
v 1.065 2.25 1.065
v 1.297778 2.25 0.7622222
v 1.447222 2.25 0.4027778
v -1.350741 2.25 0.3759259
v -1.211259 2.25 0.7114074
v -0.994 2.25 0.994
v -0.7114074 2.25 1.211259
v -0.375926 2.25 1.350741
v -1.332762 2.304688 0.3709222
v -1.195137 2.304687 0.7019385
v -0.9807696 2.304688 0.9807696
v -0.7019385 2.304687 1.195137
v -0.3709223 2.304688 1.332762
v -1.335554 2.3375 0.3716992
v -1.19764 2.337499 0.7034087
v -0.982824 2.3375 0.982824
v -0.7034087 2.3375 1.19764
v -0.3716992 2.3375 1.335554
v -1.353756 2.348438 0.376765
v -1.213963 2.348437 0.7129954
v -0.9962187 2.348438 0.9962187
v -0.7129953 2.348437 1.213963
v -0.3767651 2.348438 1.353756
v -1.382008 2.3375 0.3846279
v -1.239297 2.3375 0.7278751
v -1.017009 2.3375 1.017009
v -0.7278751 2.3375 1.239298
v -0.384628 2.3375 1.382008
v -1.41495 2.304688 0.3937961
v -1.268838 2.304687 0.7452251
v -1.041251 2.304688 1.041251
v -0.7452251 2.304688 1.268838
v -0.3937961 2.304688 1.41495
v -1.447222 2.25 0.4027778
v -1.297778 2.25 0.7622222
v -1.065 2.25 1.065
v -0.7622222 2.25 1.297778
v -0.4027778 2.25 1.447222
v -1.623842 1.987847 0
v -1.566707 1.987847 -0.4360318
v -1.404925 1.987847 -0.8251526
v -1.152928 1.987847 -1.152928
v -0.8251526 1.987847 -1.404925
v -0.4360318 1.987847 -1.566707
v 0 1.987847 -1.623842
v -1.740741 1.727778 0
v -1.679492 1.727778 -0.4674211
v -1.506063 1.727777 -0.8845539
v -1.235926 1.727778 -1.235926
v -0.884554 1.727778 -1.506063
v -0.4674211 1.727778 -1.679492
v 0 1.727778 -1.740741
v -1.84375 1.471875 0
v -1.778877 1.471875 -0.495081
v -1.595185 1.471875 -0.9368981
v -1.309063 1.471875 -1.309063
v -0.9368981 1.471875 -1.595185
v -0.495081 1.471875 -1.778877
v 0 1.471875 -1.84375
v -1.925926 1.222222 0
v -1.858162 1.222222 -0.5171468
v -1.666283 1.222222 -0.9786556
v -1.367408 1.222222 -1.367408
v -0.9786556 1.222222 -1.666283
v -0.5171468 1.222222 -1.858162
v 0 1.222222 -1.925926
v -1.980324 0.9809028 0
v -1.910646 0.9809028 -0.5317538
v -1.713347 0.9809028 -1.006298
v -1.40603 0.9809028 -1.40603
v -1.006298 0.9809029 -1.713347
v -0.5317538 0.9809028 -1.910646
v 0 0.9809028 -1.980324
v -2 0.75 0
v -1.929629 0.75 -0.5370371
v -1.73037 0.7499999 -1.016296
v -1.42 0.75 -1.42
v -1.016296 0.7500001 -1.730371
v -0.5370371 0.75 -1.92963
v 0 0.75 -2
v 0.4360318 1.987847 -1.566707
v 0.8251526 1.987847 -1.404925
v 1.152928 1.987847 -1.152928
v 1.404925 1.987847 -0.8251526
v 1.566707 1.987847 -0.4360318
v 1.623842 1.987847 0
v 0.4674211 1.727778 -1.679492
v 0.8845539 1.727777 -1.506063
v 1.235926 1.727778 -1.235926
v 1.506063 1.727778 -0.884554
v 1.679492 1.727778 -0.4674211
v 1.740741 1.727778 0
v 0.495081 1.471875 -1.778877
v 0.9368981 1.471875 -1.595185
v 1.309063 1.471875 -1.309063
v 1.595185 1.471875 -0.9368981
v 1.778877 1.471875 -0.495081
v 1.84375 1.471875 0
v 0.5171468 1.222222 -1.858162
v 0.9786556 1.222222 -1.666283
v 1.367408 1.222222 -1.367408
v 1.666283 1.222222 -0.9786556
v 1.858162 1.222222 -0.5171468
v 1.925926 1.222222 0
v 0.5317538 0.9809028 -1.910646
v 1.006298 0.9809028 -1.713347
v 1.40603 0.9809028 -1.40603
v 1.713347 0.9809029 -1.006298
v 1.910646 0.9809028 -0.5317538
v 1.980324 0.9809028 0
v 0.5370371 0.75 -1.929629
v 1.016296 0.7499999 -1.73037
v 1.42 0.75 -1.42
v 1.730371 0.7500001 -1.016296
v 1.92963 0.75 -0.5370371
v 2 0.75 0
v 0 1.987847 1.623842
v 0.4360318 1.987847 1.566707
v 0.8251526 1.987847 1.404925
v 1.152928 1.987847 1.152928
v 1.404925 1.987847 0.8251526
v 1.566707 1.987847 0.4360318
v 0 1.727778 1.740741
v 0.4674211 1.727778 1.679492
v 0.8845539 1.727777 1.506063
v 1.235926 1.727778 1.235926
v 1.506063 1.727778 0.884554
v 1.679492 1.727778 0.4674211
v 0 1.471875 1.84375
v 0.495081 1.471875 1.778877
v 0.9368981 1.471875 1.595185
v 1.309063 1.471875 1.309063
v 1.595185 1.471875 0.9368981
v 1.778877 1.471875 0.495081
v 0 1.222222 1.925926
v 0.5171468 1.222222 1.858162
v 0.9786556 1.222222 1.666283
v 1.367408 1.222222 1.367408
v 1.666283 1.222222 0.9786556
v 1.858162 1.222222 0.5171468
v 0 0.9809028 1.980324
v 0.5317538 0.9809028 1.910646
v 1.006298 0.9809028 1.713347
v 1.40603 0.9809028 1.40603
v 1.713347 0.9809029 1.006298
v 1.910646 0.9809028 0.5317538
v 0 0.75 2
v 0.5370371 0.75 1.929629
v 1.016296 0.7499999 1.73037
v 1.42 0.75 1.42
v 1.730371 0.7500001 1.016296
v 1.92963 0.75 0.5370371
v -1.566707 1.987847 0.4360318
v -1.404925 1.987847 0.8251526
v -1.152928 1.987847 1.152928
v -0.8251526 1.987847 1.404925
v -0.4360318 1.987847 1.566707
v -1.679492 1.727778 0.4674211
v -1.506063 1.727777 0.8845539
v -1.235926 1.727778 1.235926
v -0.884554 1.727778 1.506063
v -0.4674211 1.727778 1.679492
v -1.778877 1.471875 0.495081
v -1.595185 1.471875 0.9368981
v -1.309063 1.471875 1.309063
v -0.9368981 1.471875 1.595185
v -0.495081 1.471875 1.778877
v -1.858162 1.222222 0.5171468
v -1.666283 1.222222 0.9786556
v -1.367408 1.222222 1.367408
v -0.9786556 1.222222 1.666283
v -0.5171468 1.222222 1.858162
v -1.910646 0.9809028 0.5317538
v -1.713347 0.9809028 1.006298
v -1.40603 0.9809028 1.40603
v -1.006298 0.9809029 1.713347
v -0.5317538 0.9809028 1.910646
v -1.929629 0.75 0.5370371
v -1.73037 0.7499999 1.016296
v -1.42 0.75 1.42
v -1.016296 0.7500001 1.730371
v -0.5370371 0.75 1.92963
v -1.962963 0.5434028 0
v -1.893896 0.5434028 -0.527092
v -1.698326 0.5434027 -0.9974758
v -1.393704 0.5434028 -1.393704
v -0.9974758 0.5434029 -1.698326
v -0.527092 0.5434028 -1.893896
v 0 0.5434028 -1.962963
v -1.87037 0.3722222 0
v -1.804561 0.3722222 -0.502229
v -1.618216 0.3722221 -0.950425
v -1.327963 0.3722222 -1.327963
v -0.950425 0.3722223 -1.618217
v -0.502229 0.3722222 -1.804561
v 0 0.3722222 -1.87037
v -1.75 0.234375 0
v -1.688426 0.234375 -0.4699075
v -1.514074 0.234375 -0.8892592
v -1.2425 0.234375 -1.2425
v -0.8892592 0.234375 -1.514074
v -0.4699075 0.234375 -1.688426
v 0 0.234375 -1.75
v -1.62963 0.1277778 0
v -1.572291 0.1277778 -0.4375858
v -1.409931 0.1277777 -0.8280932
v -1.157037 0.1277778 -1.157037
v -0.8280932 0.1277778 -1.409931
v -0.4375858 0.1277778 -1.572291
v 0 0.1277778 -1.62963
v -1.537037 0.05034724 0
v -1.482956 0.05034724 -0.4127229
v -1.329822 0.0503472 -0.7810425
v -1.091296 0.05034724 -1.091296
v -0.7810425 0.05034724 -1.329822
v -0.4127229 0.05034724 -1.482956
v 0 0.05034724 -1.537037
v -1.5 0 0
v -1.447222 1.117587e-8 -0.4027778
v -1.297778 -2.235174e-8 -0.7622222
v -1.065 1.117587e-8 -1.065
v -0.7622222 -1.117587e-8 -1.297778
v -0.4027778 1.117587e-8 -1.447222
v 0 0 -1.5
v 0.527092 0.5434028 -1.893896
v 0.9974758 0.5434027 -1.698326
v 1.393704 0.5434028 -1.393704
v 1.698326 0.5434029 -0.9974758
v 1.893896 0.5434028 -0.527092
v 1.962963 0.5434028 0
v 0.502229 0.3722222 -1.804561
v 0.950425 0.3722221 -1.618216
v 1.327963 0.3722222 -1.327963
v 1.618217 0.3722223 -0.950425
v 1.804561 0.3722222 -0.502229
v 1.87037 0.3722222 0
v 0.4699075 0.234375 -1.688426
v 0.8892592 0.234375 -1.514074
v 1.2425 0.234375 -1.2425
v 1.514074 0.234375 -0.8892592
v 1.688426 0.234375 -0.4699075
v 1.75 0.234375 0
v 0.4375858 0.1277778 -1.572291
v 0.8280932 0.1277777 -1.409931
v 1.157037 0.1277778 -1.157037
v 1.409931 0.1277778 -0.8280932
v 1.572291 0.1277778 -0.4375858
v 1.62963 0.1277778 0
v 0.4127229 0.05034724 -1.482956
v 0.7810425 0.0503472 -1.329822
v 1.091296 0.05034724 -1.091296
v 1.329822 0.05034724 -0.7810425
v 1.482956 0.05034724 -0.4127229
v 1.537037 0.05034724 0
v 0.4027778 1.117587e-8 -1.447222
v 0.7622222 -2.235174e-8 -1.297778
v 1.065 1.117587e-8 -1.065
v 1.297778 -1.117587e-8 -0.7622222
v 1.447222 1.117587e-8 -0.4027778
v 1.5 0 0
v 0 0.5434028 1.962963
v 0.527092 0.5434028 1.893896
v 0.9974758 0.5434027 1.698326
v 1.393704 0.5434028 1.393704
v 1.698326 0.5434029 0.9974758
v 1.893896 0.5434028 0.527092
v 0 0.3722222 1.87037
v 0.502229 0.3722222 1.804561
v 0.950425 0.3722221 1.618216
v 1.327963 0.3722222 1.327963
v 1.618217 0.3722223 0.950425
v 1.804561 0.3722222 0.502229
v 0 0.234375 1.75
v 0.4699075 0.234375 1.688426
v 0.8892592 0.234375 1.514074
v 1.2425 0.234375 1.2425
v 1.514074 0.234375 0.8892592
v 1.688426 0.234375 0.4699075
v 0 0.1277778 1.62963
v 0.4375858 0.1277778 1.572291
v 0.8280932 0.1277777 1.409931
v 1.157037 0.1277778 1.157037
v 1.409931 0.1277778 0.8280932
v 1.572291 0.1277778 0.4375858
v 0 0.05034724 1.537037
v 0.4127229 0.05034724 1.482956
v 0.7810425 0.0503472 1.329822
v 1.091296 0.05034724 1.091296
v 1.329822 0.05034724 0.7810425
v 1.482956 0.05034724 0.4127229
v 0 0 1.5
v 0.4027778 1.117587e-8 1.447222
v 0.7622222 -2.235174e-8 1.297778
v 1.065 1.117587e-8 1.065
v 1.297778 -1.117587e-8 0.7622222
v 1.447222 1.117587e-8 0.4027778
v -1.893896 0.5434028 0.527092
v -1.698326 0.5434027 0.9974758
v -1.393704 0.5434028 1.393704
v -0.9974758 0.5434029 1.698326
v -0.527092 0.5434028 1.893896
v -1.804561 0.3722222 0.502229
v -1.618216 0.3722221 0.950425
v -1.327963 0.3722222 1.327963
v -0.950425 0.3722223 1.618217
v -0.502229 0.3722222 1.804561
v -1.688426 0.234375 0.4699075
v -1.514074 0.234375 0.8892592
v -1.2425 0.234375 1.2425
v -0.8892592 0.234375 1.514074
v -0.4699075 0.234375 1.688426
v -1.572291 0.1277778 0.4375858
v -1.409931 0.1277777 0.8280932
v -1.157037 0.1277778 1.157037
v -0.8280932 0.1277778 1.409931
v -0.4375858 0.1277778 1.572291
v -1.482956 0.05034724 0.4127229
v -1.329822 0.0503472 0.7810425
v -1.091296 0.05034724 1.091296
v -0.7810425 0.05034724 1.329822
v -0.4127229 0.05034724 1.482956
v -1.447222 1.117587e-8 0.4027778
v -1.297778 -2.235174e-8 0.7622222
v -1.065 1.117587e-8 1.065
v -0.7622222 -1.117587e-8 1.297778
v -0.4027778 1.117587e-8 1.447222

vn 0 1 0
vn 0 0.9230769 -0.3846154
vn 0 0.6 -0.8
vn 0 0 -1
vn 0 -0.6000002 -0.7999999
vn 0 -0.9230769 -0.3846153
vn 0 -1 0
vn -0.019996 0.9998001 0
vn -0.01816237 0.923254 -0.3837606
vn -0.01128991 0.6009279 -0.7992235
vn 0 0 -1
vn 0.009579421 -0.6010624 -0.7991447
vn 0.01344534 -0.9234013 -0.3836003
vn 0.01395213 -0.9999027 0
vn -0.09950372 0.9950371 0
vn -0.09020549 0.9182457 -0.3856006
vn -0.05581048 0.5968953 -0.8003756
vn 0 0 -1
vn 0.04706077 -0.5997946 -0.7987689
vn 0.06572696 -0.9216882 -0.3823229
vn 0.06802389 -0.9976837 0
vn -0.2873479 0.9578263 0
vn -0.2591067 0.8802984 -0.3974146
vn -0.1579717 0.5657855 -0.8092785
vn 0 0 -1
vn 0.134432 -0.5799034 -0.8035173
vn 0.1893473 -0.9032083 -0.3851784
vn 0.1961161 -0.9805806 0
vn -0.6246951 0.7808688 0
vn -0.5613232 0.7160468 -0.4149619
vn -0.3380912 0.4561834 -0.8231593
vn 0 0 -1
vn 0.3009899 -0.494273 -0.8155361
vn 0.44108 -0.8048442 -0.3970822
vn 0.4625659 -0.8865848 0
vn -0.9284766 0.3713908 0
vn -0.847028 0.3461955 -0.4033512
vn -0.5305012 0.2301096 -0.8158541
vn 0 0 -1
vn 0.5113281 -0.2727086 -0.8149684
vn 0.7872427 -0.4687263 -0.4006802
vn 0.8473629 -0.5310143 0
vn -1 0 0
vn -0.9230769 0 -0.3846153
vn -0.6 0 -0.8
vn 0 0 -1
vn 0.6000001 0 -0.7999998
vn 0.9230769 0 -0.3846153
vn 1 0 0
vn 0 0.9230769 0.3846154
vn 0 0.6 0.8
vn 0 0 1
vn 0 -0.6000002 0.7999999
vn 0 -0.9230769 0.3846153
vn -0.01816237 0.923254 0.3837606
vn -0.01128991 0.6009279 0.7992235
vn 0 0 1
vn 0.009579421 -0.6010624 0.7991447
vn 0.01344534 -0.9234013 0.3836003
vn -0.09020549 0.9182457 0.3856006
vn -0.05581048 0.5968953 0.8003756
vn 0 0 1
vn 0.04706077 -0.5997946 0.7987689
vn 0.06572696 -0.9216882 0.3823229
vn -0.2591067 0.8802984 0.3974146
vn -0.1579717 0.5657855 0.8092785
vn 0 0 1
vn 0.134432 -0.5799034 0.8035173
vn 0.1893473 -0.9032083 0.3851784
vn -0.5613232 0.7160468 0.4149619
vn -0.3380912 0.4561834 0.8231593
vn 0 0 1
vn 0.3009899 -0.494273 0.8155361
vn 0.44108 -0.8048442 0.3970822
vn -0.847028 0.3461955 0.4033512
vn -0.5305012 0.2301096 0.8158541
vn 0 0 1
vn 0.5113281 -0.2727086 0.8149684
vn 0.7872427 -0.4687263 0.4006802
vn -0.9230769 0 0.3846153
vn -0.6 0 0.8
vn 0 0 1
vn 0.6000001 0 0.7999998
vn 0.9230769 0 0.3846153
vn -0.9800372 -0.1988142 0
vn -0.9019458 -0.1819924 -0.3916282
vn -0.5806932 -0.1154403 -0.8058964
vn 0 0 -1
vn 0.582589 0.1099289 -0.8052984
vn 0.905543 0.1661761 -0.3903555
vn 0.9839839 0.1782579 0
vn -0.9200848 -0.3917193 0
vn -0.8462398 -0.3557302 -0.3966537
vn -0.5442483 -0.221008 -0.8092893
vn 0 0 -1
vn 0.5567952 0.2016448 -0.8058029
vn 0.8715839 0.2980882 -0.3892106
vn 0.9486833 0.3162278 0
vn -0.8290722 -0.5591416 0
vn -0.7679938 -0.509541 -0.3880121
vn -0.5055458 -0.3209669 -0.8008769
vn 0 0 -1
vn 0.5328857 0.2938439 -0.7935292
vn 0.8247392 0.4249163 -0.3731639
vn 0.8944272 0.4472137 0
vn -0.7226418 -0.6912227 0
vn -0.6764745 -0.6368118 -0.3699365
vn -0.4614267 -0.4161735 -0.7835081
vn 0 0 -1
vn 0.4990485 0.3930799 -0.7722945
vn 0.7537497 0.5566587 -0.3492744
vn 0.8123237 0.5832069 0
vn -0.6149216 -0.7885883 0
vn -0.5779245 -0.7331321 -0.3584977
vn -0.4002523 -0.4930971 -0.7724334
vn 0 0 -1
vn 0.4316352 0.4840895 -0.7611493
vn 0.6418404 0.6879879 -0.3386938
vn 0.6894056 0.7243755 0
vn -0.5144956 -0.857493 0
vn -0.4768826 -0.7948047 -0.3753245
vn -0.3143361 -0.5238937 -0.7916617
vn 0 0 -1
vn 0.3143362 0.5238937 -0.7916616
vn 0.4768827 0.7948046 -0.3753244
vn 0.5144957 0.8574929 0
vn -0.9019458 -0.1819924 0.3916282
vn -0.5806932 -0.1154403 0.8058964
vn 0 0 1
vn 0.582589 0.1099289 0.8052984
vn 0.905543 0.1661761 0.3903555
vn -0.8462398 -0.3557302 0.3966537
vn -0.5442483 -0.221008 0.8092893
vn 0 0 1
vn 0.5567952 0.2016448 0.8058029
vn 0.8715839 0.2980882 0.3892106
vn -0.7679938 -0.509541 0.3880121
vn -0.5055458 -0.3209669 0.8008769
vn 0 0 1
vn 0.5328857 0.2938439 0.7935292
vn 0.8247392 0.4249163 0.3731639
vn -0.6764745 -0.6368118 0.3699365
vn -0.4614267 -0.4161735 0.7835081
vn 0 0 1
vn 0.4990485 0.3930799 0.7722945
vn 0.7537497 0.5566587 0.3492744
vn -0.5779245 -0.7331321 0.3584977
vn -0.4002523 -0.4930971 0.7724334
vn 0 0 1
vn 0.4316352 0.4840895 0.7611493
vn 0.6418404 0.6879879 0.3386938
vn -0.4768826 -0.7948047 0.3753245
vn -0.3143361 -0.5238937 0.7916617
vn 0 0 1
vn 0.3143362 0.5238937 0.7916616
vn 0.4768827 0.7948046 0.3753244
vn 0.7071059 -0.7071076 0
vn 0.543725 -0.5825627 0.604139
vn 0.2568863 -0.3158443 0.9133739
vn 0 0 1
vn -0.249881 0.3849519 0.8884658
vn -0.451709 0.7376017 0.5018991
vn -0.5144954 0.8574931 0
vn 0.8637784 -0.503872 0
vn 0.5987564 -0.3111115 0.7380382
vn 0.2412978 -0.01023055 0.9703972
vn -0.01066118 0.2654957 0.964053
vn -0.2215451 0.5533099 0.8029732
vn -0.3879966 0.8056096 0.4477184
vn -0.4458917 0.8950869 0
vn 0.9486833 0.316228 0
vn 0.5414513 0.420176 0.7282051
vn 0.1660121 0.5671077 0.8067396
vn -0.03517932 0.69186 0.7211741
vn -0.1771811 0.8067119 0.5637577
vn -0.2864223 0.9062341 0.3109696
vn -0.3293721 0.9442002 0
vn 0 1 0
vn -0.02430288 0.999312 0.02801665
vn -0.04921277 0.998732 -0.01061402
vn -0.04643553 0.9957836 -0.07911264
vn -0.01044751 0.9895893 -0.1435404
vn 0.07151841 0.9864485 -0.1476634
vn 0.1414206 0.9899496 0
vn -0.3939189 0.9191452 0
vn -0.3217679 0.881836 -0.3447181
vn -0.1822544 0.7891729 -0.5865062
vn -0.02244817 0.6435133 -0.7651058
vn 0.2280372 0.345889 -0.9101427
vn 0.6282257 -0.2595748 -0.733453
vn 0.7893516 -0.6139414 0
vn -0.5766829 0.816968 0
vn -0.4618689 0.7383104 -0.4915027
vn -0.2391604 0.545087 -0.8035437
vn -0.005027502 0.2643502 -0.9644137
vn 0.2725193 -0.1806048 -0.9450477
vn 0.511931 -0.6614885 -0.5480508
vn 0.5719731 -0.8202723 0
vn -0.7071068 0.7071068 0
vn -0.5633686 0.6043439 -0.5633686
vn -0.2796589 0.3477496 -0.8949084
vn 0 0 -1
vn 0.2684081 -0.4361637 -0.8589053
vn 0.4441555 -0.7781079 -0.4441555
vn 0.4856427 -0.8741574 0
vn 0.543725 -0.5825627 -0.604139
vn 0.2568863 -0.3158443 -0.9133739
vn 0 0 -1
vn -0.249881 0.3849519 -0.8884658
vn -0.451709 0.7376017 -0.5018991
vn 0.5987564 -0.3111115 -0.7380382
vn 0.2412978 -0.01023055 -0.9703972
vn -0.01066118 0.2654957 -0.964053
vn -0.2215451 0.5533099 -0.8029732
vn -0.3879966 0.8056096 -0.4477184
vn 0.5414513 0.420176 -0.7282051
vn 0.1660121 0.5671077 -0.8067396
vn -0.03517932 0.69186 -0.7211741
vn -0.1771811 0.8067119 -0.5637577
vn -0.2864223 0.9062341 -0.3109696
vn -0.02430288 0.999312 -0.02801665
vn -0.04921277 0.998732 0.01061402
vn -0.04643553 0.9957836 0.07911264
vn -0.01044751 0.9895893 0.1435404
vn 0.07151841 0.9864485 0.1476634
vn -0.3217679 0.881836 0.3447181
vn -0.1822544 0.7891729 0.5865062
vn -0.02244817 0.6435133 0.7651058
vn 0.2280372 0.345889 0.9101427
vn 0.6282257 -0.2595748 0.733453
vn -0.4618689 0.7383104 0.4915027
vn -0.2391604 0.545087 0.8035437
vn -0.005027502 0.2643502 0.9644137
vn 0.2725193 -0.1806048 0.9450477
vn 0.511931 -0.6614885 0.5480508
vn -0.5633686 0.6043439 0.5633686
vn -0.2796589 0.3477496 0.8949084
vn 0 0 1
vn 0.2684081 -0.4361637 0.8589053
vn 0.4441555 -0.7781079 0.4441555
vn -0.9233642 0.3839251 0
vn -0.7627028 0.3767559 -0.52568
vn -0.3771999 0.2907718 -0.879302
vn 0.0261418 0.1142118 -0.9931124
vn 0.4204066 -0.1398945 -0.8964864
vn 0.7515409 -0.4027731 -0.5224559
vn 0.8624727 -0.5061036 0
vn -0.9701425 0.2425357 0
vn -0.8663018 0.2695127 -0.420576
vn -0.4651289 0.2678233 -0.843757
vn 0.1144721 0.1451055 -0.9827719
vn 0.6050074 -0.04112581 -0.7951571
vn 0.8927596 -0.1926681 -0.4072583
vn 0.9694834 -0.2451567 0
vn -0.9529258 0.3032037 0
vn -0.8681293 0.3213409 -0.3782745
vn -0.4670612 0.3020478 -0.8310361
vn 0.2156225 0.1361827 -0.9669339
vn 0.7064264 -0.06046579 -0.7051991
vn 0.9249891 -0.1822942 -0.3334126
vn 0.9756098 -0.2195122 0
vn -0.8192319 0.5734623 0
vn -0.7168996 0.5462958 -0.4331465
vn -0.329937 0.3839083 -0.8624129
vn 0.2159194 0.08182209 -0.9729768
vn 0.6371166 -0.1981352 -0.7448657
vn 0.8554491 -0.3666064 -0.3657959
vn 0.9095958 -0.4154944 0
vn -0.4271096 0.9041998 0
vn -0.3539247 0.778861 -0.5177963
vn -0.1444263 0.4284414 -0.8919523
vn 0.1102153 0.0219323 -0.9936657
vn 0.3662821 -0.3656798 -0.8556376
vn 0.5712389 -0.668178 -0.4766804
vn 0.6388744 -0.7693111 0
vn 0 1 0
vn -0.01947539 0.8212143 -0.5702876
vn -0.03098394 0.4101677 -0.9114836
vn 0 0 -1
vn 0.07159974 -0.4093116 -0.909581
vn 0.1651015 -0.8100979 -0.562568
vn 0.2095291 -0.9778025 0
vn -0.7627028 0.3767559 0.52568
vn -0.3771999 0.2907718 0.879302
vn 0.0261418 0.1142118 0.9931124
vn 0.4204066 -0.1398945 0.8964864
vn 0.7515409 -0.4027731 0.5224559
vn -0.8663018 0.2695127 0.420576
vn -0.4651289 0.2678233 0.843757
vn 0.1144721 0.1451055 0.9827719
vn 0.6050074 -0.04112581 0.7951571
vn 0.8927596 -0.1926681 0.4072583
vn -0.8681293 0.3213409 0.3782745
vn -0.4670612 0.3020478 0.8310361
vn 0.2156225 0.1361827 0.9669339
vn 0.7064264 -0.06046579 0.7051991
vn 0.9249891 -0.1822942 0.3334126
vn -0.7168996 0.5462958 0.4331465
vn -0.329937 0.3839083 0.8624129
vn 0.2159194 0.08182209 0.9729768
vn 0.6371166 -0.1981352 0.7448657
vn 0.8554491 -0.3666064 0.3657959
vn -0.3539247 0.778861 0.5177963
vn -0.1444263 0.4284414 0.8919523
vn 0.1102153 0.0219323 0.9936657
vn 0.3662821 -0.3656798 0.8556376
vn 0.5712389 -0.668178 0.4766804
vn -0.01947539 0.8212143 0.5702876
vn -0.03098394 0.4101677 0.9114836
vn 0 0 1
vn 0.07159974 -0.4093116 0.909581
vn 0.1651015 -0.8100979 0.562568
vn 0 1 0
vn -0.3255129 0.9455377 0
vn -0.3139221 0.9457196 -0.08406798
vn -0.2807102 0.945973 -0.1622863
vn -0.2290671 0.9460743 -0.2290671
vn -0.1622864 0.9459729 -0.2807105
vn -0.08406792 0.9457196 -0.3139218
vn 0 0.9455377 -0.3255129
vn -0.9938837 0.1104314 0
vn -0.9600326 0.1105879 -0.2571144
vn -0.860396 0.1107969 -0.4974363
vn -0.7027468 0.1108777 -0.7027468
vn -0.4974363 0.1107969 -0.860396
vn -0.2571144 0.110588 -0.9600325
vn 0 0.1104314 -0.9938837
vn -0.8574929 -0.5144958 0
vn -0.8278549 -0.5152364 -0.2217827
vn -0.7413951 -0.5162836 -0.4287009
vn -0.605398 -0.5167072 -0.605398
vn -0.4287009 -0.5162833 -0.7413953
vn -0.2217827 -0.5152367 -0.8278548
vn 0 -0.5144958 -0.8574929
vn -0.8320503 -0.5547002 0
vn -0.8031492 -0.5554783 -0.2153958
vn -0.7191167 -0.5565813 -0.416039
vn -0.5872474 -0.5570288 -0.5872474
vn -0.416039 -0.5565812 -0.7191168
vn -0.2153958 -0.5554784 -0.803149
vn 0 -0.5547002 -0.8320503
vn -0.971399 -0.2374532 0
vn -0.9379159 -0.2380653 -0.2522671
vn -0.840201 -0.2389656 -0.4867831
vn -0.6865551 -0.239341 -0.6865551
vn -0.4867831 -0.2389656 -0.840201
vn -0.2522671 -0.2380654 -0.9379159
vn 0 -0.2374532 -0.971399
vn -0.7071068 0.7071067 0
vn -0.6822407 0.7076194 -0.1839084
vn -0.6106426 0.7082918 -0.3541728
vn -0.4989779 0.7085493 -0.4989779
vn -0.3541725 0.7082922 -0.6106423
vn -0.1839084 0.7076195 -0.6822407
vn 0 0.7071067 -0.7071068
vn 0.08406798 0.9457196 -0.3139221
vn 0.1622863 0.945973 -0.2807102
vn 0.2290671 0.9460743 -0.2290671
vn 0.2807105 0.9459729 -0.1622864
vn 0.3139218 0.9457196 -0.08406792
vn 0.3255129 0.9455377 0
vn 0.2571144 0.1105879 -0.9600326
vn 0.4974363 0.1107969 -0.860396
vn 0.7027468 0.1108777 -0.7027468
vn 0.860396 0.1107969 -0.4974363
vn 0.9600325 0.110588 -0.2571144
vn 0.9938837 0.1104314 0
vn 0.2217827 -0.5152364 -0.8278549
vn 0.4287009 -0.5162836 -0.7413951
vn 0.605398 -0.5167072 -0.605398
vn 0.7413953 -0.5162833 -0.4287009
vn 0.8278548 -0.5152367 -0.2217827
vn 0.8574929 -0.5144958 0
vn 0.2153958 -0.5554783 -0.8031492
vn 0.416039 -0.5565813 -0.7191167
vn 0.5872474 -0.5570288 -0.5872474
vn 0.7191168 -0.5565812 -0.416039
vn 0.803149 -0.5554784 -0.2153958
vn 0.8320503 -0.5547002 0
vn 0.2522671 -0.2380653 -0.9379159
vn 0.4867831 -0.2389656 -0.840201
vn 0.6865551 -0.239341 -0.6865551
vn 0.840201 -0.2389656 -0.4867831
vn 0.9379159 -0.2380654 -0.2522671
vn 0.971399 -0.2374532 0
vn 0.1839084 0.7076194 -0.6822407
vn 0.3541728 0.7082918 -0.6106426
vn 0.4989779 0.7085493 -0.4989779
vn 0.6106423 0.7082922 -0.3541725
vn 0.6822407 0.7076195 -0.1839084
vn 0.7071068 0.7071067 0
vn 0 0.9455377 0.3255129
vn 0.08406798 0.9457196 0.3139221
vn 0.1622863 0.945973 0.2807102
vn 0.2290671 0.9460743 0.2290671
vn 0.2807105 0.9459729 0.1622864
vn 0.3139218 0.9457196 0.08406792
vn 0 0.1104314 0.9938837
vn 0.2571144 0.1105879 0.9600326
vn 0.4974363 0.1107969 0.860396
vn 0.7027468 0.1108777 0.7027468
vn 0.860396 0.1107969 0.4974363
vn 0.9600325 0.110588 0.2571144
vn 0 -0.5144958 0.8574929
vn 0.2217827 -0.5152364 0.8278549
vn 0.4287009 -0.5162836 0.7413951
vn 0.605398 -0.5167072 0.605398
vn 0.7413953 -0.5162833 0.4287009
vn 0.8278548 -0.5152367 0.2217827
vn 0 -0.5547002 0.8320503
vn 0.2153958 -0.5554783 0.8031492
vn 0.416039 -0.5565813 0.7191167
vn 0.5872474 -0.5570288 0.5872474
vn 0.7191168 -0.5565812 0.416039
vn 0.803149 -0.5554784 0.2153958
vn 0 -0.2374532 0.971399
vn 0.2522671 -0.2380653 0.9379159
vn 0.4867831 -0.2389656 0.840201
vn 0.6865551 -0.239341 0.6865551
vn 0.840201 -0.2389656 0.4867831
vn 0.9379159 -0.2380654 0.2522671
vn 0 0.7071067 0.7071068
vn 0.1839084 0.7076194 0.6822407
vn 0.3541728 0.7082918 0.6106426
vn 0.4989779 0.7085493 0.4989779
vn 0.6106423 0.7082922 0.3541725
vn 0.6822407 0.7076195 0.1839084
vn -0.3139221 0.9457196 0.08406798
vn -0.2807102 0.945973 0.1622863
vn -0.2290671 0.9460743 0.2290671
vn -0.1622864 0.9459729 0.2807105
vn -0.08406792 0.9457196 0.3139218
vn -0.9600326 0.1105879 0.2571144
vn -0.860396 0.1107969 0.4974363
vn -0.7027468 0.1108777 0.7027468
vn -0.4974363 0.1107969 0.860396
vn -0.2571144 0.110588 0.9600325
vn -0.8278549 -0.5152364 0.2217827
vn -0.7413951 -0.5162836 0.4287009
vn -0.605398 -0.5167072 0.605398
vn -0.4287009 -0.5162833 0.7413953
vn -0.2217827 -0.5152367 0.8278548
vn -0.8031492 -0.5554783 0.2153958
vn -0.7191167 -0.5565813 0.416039
vn -0.5872474 -0.5570288 0.5872474
vn -0.416039 -0.5565812 0.7191168
vn -0.2153958 -0.5554784 0.803149
vn -0.9379159 -0.2380653 0.2522671
vn -0.840201 -0.2389656 0.4867831
vn -0.6865551 -0.239341 0.6865551
vn -0.4867831 -0.2389656 0.840201
vn -0.2522671 -0.2380654 0.9379159
vn -0.6822407 0.7076194 0.1839084
vn -0.6106426 0.7082918 0.3541728
vn -0.4989779 0.7085493 0.4989779
vn -0.3541725 0.7082922 0.6106423
vn -0.1839084 0.7076195 0.6822407
vn -0.3481862 0.9374254 0
vn -0.3357578 0.93759 -0.09050865
vn -0.3003053 0.9378055 -0.1741771
vn -0.2453225 0.9378879 -0.2453225
vn -0.1741772 0.9378054 -0.3003056
vn -0.09050876 0.9375898 -0.3357582
vn 0 0.9374254 -0.3481862
vn -0.2216209 0.9751329 0
vn -0.2136878 0.9752022 -0.05760281
vn -0.1910986 0.975293 -0.1108372
vn -0.1561022 0.9753277 -0.1561022
vn -0.1108373 0.9752929 -0.1910988
vn -0.05760286 0.9752021 -0.213688
vn 0 0.9751329 -0.2216209
vn -0.1961161 0.9805807 0
vn -0.1890929 0.9806353 -0.05097287
vn -0.1691005 0.9807067 -0.09807828
vn -0.1381314 0.9807341 -0.1381314
vn -0.09807827 0.9807067 -0.1691005
vn -0.05097291 0.9806353 -0.189093
vn 0 0.9805807 -0.1961161
vn -0.2544933 0.9670745 0
vn -0.2453887 0.9671653 -0.06614827
vn -0.2194555 0.9672838 -0.1272842
vn -0.1792677 0.9673294 -0.1792677
vn -0.1272841 0.967284 -0.2194554
vn -0.06614829 0.9671653 -0.2453888
vn 0 0.9670745 -0.2544933
vn -0.4920573 0.8705629 0
vn -0.4745757 0.8708686 -0.1279291
vn -0.4245643 0.8712677 -0.2462474
vn -0.3468606 0.8714215 -0.3468606
vn -0.2462471 0.871268 -0.424564
vn -0.1279291 0.8708686 -0.4745757
vn 0 0.8705629 -0.4920573
vn -1 0 0
vn -0.9655346 0 -0.2602746
vn -0.8650312 0 -0.5017181
vn -0.7071068 0 -0.7071068
vn -0.5017181 0 -0.8650312
vn -0.2602746 0 -0.9655347
vn 0 0 -1
vn 0.09050865 0.93759 -0.3357578
vn 0.1741771 0.9378055 -0.3003053
vn 0.2453225 0.9378879 -0.2453225
vn 0.3003056 0.9378054 -0.1741772
vn 0.3357582 0.9375898 -0.09050876
vn 0.3481862 0.9374254 0
vn 0.05760281 0.9752022 -0.2136878
vn 0.1108372 0.975293 -0.1910986
vn 0.1561022 0.9753277 -0.1561022
vn 0.1910988 0.9752929 -0.1108373
vn 0.213688 0.9752021 -0.05760286
vn 0.2216209 0.9751329 0
vn 0.05097287 0.9806353 -0.1890929
vn 0.09807828 0.9807067 -0.1691005
vn 0.1381314 0.9807341 -0.1381314
vn 0.1691005 0.9807067 -0.09807827
vn 0.189093 0.9806353 -0.05097291
vn 0.1961161 0.9805807 0
vn 0.06614827 0.9671653 -0.2453887
vn 0.1272842 0.9672838 -0.2194555
vn 0.1792677 0.9673294 -0.1792677
vn 0.2194554 0.967284 -0.1272841
vn 0.2453888 0.9671653 -0.06614829
vn 0.2544933 0.9670745 0
vn 0.1279291 0.8708686 -0.4745757
vn 0.2462474 0.8712677 -0.4245643
vn 0.3468606 0.8714215 -0.3468606
vn 0.424564 0.871268 -0.2462471
vn 0.4745757 0.8708686 -0.1279291
vn 0.4920573 0.8705629 0
vn 0.2602746 0 -0.9655346
vn 0.5017181 0 -0.8650312
vn 0.7071068 0 -0.7071068
vn 0.8650312 0 -0.5017181
vn 0.9655347 0 -0.2602746
vn 1 0 0
vn 0 0.9374254 0.3481862
vn 0.09050865 0.93759 0.3357578
vn 0.1741771 0.9378055 0.3003053
vn 0.2453225 0.9378879 0.2453225
vn 0.3003056 0.9378054 0.1741772
vn 0.3357582 0.9375898 0.09050876
vn 0 0.9751329 0.2216209
vn 0.05760281 0.9752022 0.2136878
vn 0.1108372 0.975293 0.1910986
vn 0.1561022 0.9753277 0.1561022
vn 0.1910988 0.9752929 0.1108373
vn 0.213688 0.9752021 0.05760286
vn 0 0.9805807 0.1961161
vn 0.05097287 0.9806353 0.1890929
vn 0.09807828 0.9807067 0.1691005
vn 0.1381314 0.9807341 0.1381314
vn 0.1691005 0.9807067 0.09807827
vn 0.189093 0.9806353 0.05097291
vn 0 0.9670745 0.2544933
vn 0.06614827 0.9671653 0.2453887
vn 0.1272842 0.9672838 0.2194555
vn 0.1792677 0.9673294 0.1792677
vn 0.2194554 0.967284 0.1272841
vn 0.2453888 0.9671653 0.06614829
vn 0 0.8705629 0.4920573
vn 0.1279291 0.8708686 0.4745757
vn 0.2462474 0.8712677 0.4245643
vn 0.3468606 0.8714215 0.3468606
vn 0.424564 0.871268 0.2462471
vn 0.4745757 0.8708686 0.1279291
vn 0 0 1
vn 0.2602746 0 0.9655346
vn 0.5017181 0 0.8650312
vn 0.7071068 0 0.7071068
vn 0.8650312 0 0.5017181
vn 0.9655347 0 0.2602746
vn -0.3357578 0.93759 0.09050865
vn -0.3003053 0.9378055 0.1741771
vn -0.2453225 0.9378879 0.2453225
vn -0.1741772 0.9378054 0.3003056
vn -0.09050876 0.9375898 0.3357582
vn -0.2136878 0.9752022 0.05760281
vn -0.1910986 0.975293 0.1108372
vn -0.1561022 0.9753277 0.1561022
vn -0.1108373 0.9752929 0.1910988
vn -0.05760286 0.9752021 0.213688
vn -0.1890929 0.9806353 0.05097287
vn -0.1691005 0.9807067 0.09807828
vn -0.1381314 0.9807341 0.1381314
vn -0.09807827 0.9807067 0.1691005
vn -0.05097291 0.9806353 0.189093
vn -0.2453887 0.9671653 0.06614827
vn -0.2194555 0.9672838 0.1272842
vn -0.1792677 0.9673294 0.1792677
vn -0.1272841 0.967284 0.2194554
vn -0.06614829 0.9671653 0.2453888
vn -0.4745757 0.8708686 0.1279291
vn -0.4245643 0.8712677 0.2462474
vn -0.3468606 0.8714215 0.3468606
vn -0.2462471 0.871268 0.424564
vn -0.1279291 0.8708686 0.4745757
vn -0.9655346 0 0.2602746
vn -0.8650312 0 0.5017181
vn -0.7071068 0 0.7071068
vn -0.5017181 0 0.8650312
vn -0.2602746 0 0.9655347
vn 0.9417419 -0.3363365 0
vn 0.9091349 -0.3367696 0.2450712
vn 0.8143261 -0.3373382 0.4723092
vn 0.6656033 -0.3375565 0.6656033
vn 0.4723091 -0.3373383 0.814326
vn 0.2450713 -0.3367686 0.9091352
vn 0 -0.3363365 0.9417419
vn 0.9929882 -0.1182129 0
vn 0.9587451 -0.1183823 0.2584443
vn 0.8589254 -0.1186048 0.4981768
vn 0.7021085 -0.1186899 0.7021085
vn 0.4981768 -0.1186047 0.8589254
vn 0.2584444 -0.1183815 0.9587452
vn 0 -0.1182129 0.9929882
vn 0.9269467 0.3751931 0
vn 0.8948162 0.3756609 0.2412113
vn 0.8014584 0.3762747 0.4648459
vn 0.6550722 0.3765115 0.6550722
vn 0.4648458 0.3762751 0.8014583
vn 0.2412114 0.3756609 0.8948162
vn 0 0.3751931 0.9269467
vn 0 1 0
vn 0 1 0
vn 0 1 0
vn 0 1 0
vn 0 1 0
vn 0 1 0
vn 0 1 0
vn -0.6663308 0.7456563 0
vn -0.6428461 0.7461365 -0.173289
vn -0.5753215 0.7467654 -0.3336865
vn -0.4700961 0.7470069 -0.4700961
vn -0.3336866 0.7467652 -0.5753217
vn -0.1732892 0.7461359 -0.6428468
vn 0 0.7456563 -0.6663308
vn -0.8592927 0.511484 0
vn -0.8293615 0.5120326 -0.223567
vn -0.7426615 0.5127513 -0.4307437
vn -0.6069607 0.5130277 -0.6069607
vn -0.4307438 0.5127507 -0.7426617
vn -0.2235672 0.5120316 -0.829362
vn 0 0.511484 -0.8592927
vn -0.9417419 0.3363365 0
vn -0.9091348 0.3367702 -0.2450711
vn -0.814326 0.3373383 -0.4723091
vn -0.6656032 0.3375569 -0.6656032
vn -0.4723093 0.3373373 -0.8143263
vn -0.2450712 0.3367692 -0.9091352
vn 0 0.3363365 -0.9417419
vn -0.2450712 -0.3367696 0.9091349
vn -0.4723092 -0.3373382 0.8143261
vn -0.6656033 -0.3375565 0.6656033
vn -0.814326 -0.3373383 0.4723091
vn -0.9091352 -0.3367686 0.2450713
vn -0.9417419 -0.3363365 0
vn -0.2584443 -0.1183823 0.9587451
vn -0.4981768 -0.1186048 0.8589254
vn -0.7021085 -0.1186899 0.7021085
vn -0.8589254 -0.1186047 0.4981768
vn -0.9587452 -0.1183815 0.2584444
vn -0.9929882 -0.1182129 0
vn -0.2412113 0.3756609 0.8948162
vn -0.4648459 0.3762747 0.8014584
vn -0.6550722 0.3765115 0.6550722
vn -0.8014583 0.3762751 0.4648458
vn -0.8948162 0.3756609 0.2412114
vn -0.9269467 0.3751931 0
vn 0 1 0
vn 0 1 0
vn 0 1 0
vn 0 1 0
vn 0 1 0
vn 0 1 0
vn 0.173289 0.7461365 -0.6428461
vn 0.3336865 0.7467654 -0.5753215
vn 0.4700961 0.7470069 -0.4700961
vn 0.5753217 0.7467652 -0.3336866
vn 0.6428468 0.7461359 -0.1732892
vn 0.6663308 0.7456563 0
vn 0.223567 0.5120326 -0.8293615
vn 0.4307437 0.5127513 -0.7426615
vn 0.6069607 0.5130277 -0.6069607
vn 0.7426617 0.5127507 -0.4307438
vn 0.829362 0.5120316 -0.2235672
vn 0.8592927 0.511484 0
vn 0.2450711 0.3367702 -0.9091348
vn 0.4723091 0.3373383 -0.814326
vn 0.6656032 0.3375569 -0.6656032
vn 0.8143263 0.3373373 -0.4723093
vn 0.9091352 0.3367692 -0.2450712
vn 0.9417419 0.3363365 0
vn 0 -0.3363365 -0.9417419
vn -0.2450712 -0.3367696 -0.9091349
vn -0.4723092 -0.3373382 -0.8143261
vn -0.6656033 -0.3375565 -0.6656033
vn -0.814326 -0.3373383 -0.4723091
vn -0.9091352 -0.3367686 -0.2450713
vn 0 -0.1182129 -0.9929882
vn -0.2584443 -0.1183823 -0.9587451
vn -0.4981768 -0.1186048 -0.8589254
vn -0.7021085 -0.1186899 -0.7021085
vn -0.8589254 -0.1186047 -0.4981768
vn -0.9587452 -0.1183815 -0.2584444
vn 0 0.3751931 -0.9269467
vn -0.2412113 0.3756609 -0.8948162
vn -0.4648459 0.3762747 -0.8014584
vn -0.6550722 0.3765115 -0.6550722
vn -0.8014583 0.3762751 -0.4648458
vn -0.8948162 0.3756609 -0.2412114
vn 0 1 0
vn 0 1 0
vn 0 1 0
vn 0 1 0
vn 0 1 0
vn 0 1 0
vn 0 0.7456563 0.6663308
vn 0.173289 0.7461365 0.6428461
vn 0.3336865 0.7467654 0.5753215
vn 0.4700961 0.7470069 0.4700961
vn 0.5753217 0.7467652 0.3336866
vn 0.6428468 0.7461359 0.1732892
vn 0 0.511484 0.8592927
vn 0.223567 0.5120326 0.8293615
vn 0.4307437 0.5127513 0.7426615
vn 0.6069607 0.5130277 0.6069607
vn 0.7426617 0.5127507 0.4307438
vn 0.829362 0.5120316 0.2235672
vn 0 0.3363365 0.9417419
vn 0.2450711 0.3367702 0.9091348
vn 0.4723091 0.3373383 0.814326
vn 0.6656032 0.3375569 0.6656032
vn 0.8143263 0.3373373 0.4723093
vn 0.9091352 0.3367692 0.2450712
vn 0.9091349 -0.3367696 -0.2450712
vn 0.8143261 -0.3373382 -0.4723092
vn 0.6656033 -0.3375565 -0.6656033
vn 0.4723091 -0.3373383 -0.814326
vn 0.2450713 -0.3367686 -0.9091352
vn 0.9587451 -0.1183823 -0.2584443
vn 0.8589254 -0.1186048 -0.4981768
vn 0.7021085 -0.1186899 -0.7021085
vn 0.4981768 -0.1186047 -0.8589254
vn 0.2584444 -0.1183815 -0.9587452
vn 0.8948162 0.3756609 -0.2412113
vn 0.8014584 0.3762747 -0.4648459
vn 0.6550722 0.3765115 -0.6550722
vn 0.4648458 0.3762751 -0.8014583
vn 0.2412114 0.3756609 -0.8948162
vn 0 1 0
vn 0 1 0
vn 0 1 0
vn 0 1 0
vn 0 1 0
vn -0.6428461 0.7461365 0.173289
vn -0.5753215 0.7467654 0.3336865
vn -0.4700961 0.7470069 0.4700961
vn -0.3336866 0.7467652 0.5753217
vn -0.1732892 0.7461359 0.6428468
vn -0.8293615 0.5120326 0.223567
vn -0.7426615 0.5127513 0.4307437
vn -0.6069607 0.5130277 0.6069607
vn -0.4307438 0.5127507 0.7426617
vn -0.2235672 0.5120316 0.829362
vn -0.9091348 0.3367702 0.2450711
vn -0.814326 0.3373383 0.4723091
vn -0.6656032 0.3375569 0.6656032
vn -0.4723093 0.3373373 0.8143263
vn -0.2450712 0.3367692 0.9091352
vn -0.9442682 0.3291771 0
vn -0.9115804 0.3296026 -0.2457303
vn -0.8165238 0.3301626 -0.4735838
vn -0.667402 0.3303772 -0.667402
vn -0.4735837 0.3301629 -0.8165237
vn -0.2457304 0.3296027 -0.9115803
vn 0 0.3291771 -0.9442682
vn -0.9517086 0.3070028 0
vn -0.918782 0.3074059 -0.2476716
vn -0.8229967 0.3079364 -0.4773381
vn -0.6726997 0.3081399 -0.6726997
vn -0.477338 0.3079366 -0.8229966
vn -0.2476717 0.307406 -0.918782
vn 0 0.3070028 -0.9517086
vn -0.9635179 0.2676438 0
vn -0.9302132 0.2680042 -0.2507531
vn -0.8332722 0.2684782 -0.4832979
vn -0.6811101 0.2686601 -0.6811101
vn -0.4832979 0.2684783 -0.8332722
vn -0.2507531 0.2680042 -0.9302132
vn 0 0.2676438 -0.9635179
vn -0.9782851 0.2072638 0
vn -0.9445093 0.2075515 -0.2546069
vn -0.8461248 0.2079299 -0.4907524
vn -0.6916302 0.2080752 -0.6916302
vn -0.4907524 0.20793 -0.8461248
vn -0.2546069 0.2075515 -0.9445092
vn 0 0.2072638 -0.9782851
vn -0.9927417 0.1202661 0
vn -0.9585064 0.1204381 -0.2583799
vn -0.8587107 0.1206641 -0.4980522
vn -0.7019328 0.120751 -0.7019328
vn -0.4980522 0.1206642 -0.8587107
vn -0.25838 0.1204381 -0.9585064
vn 0 0.1202661 -0.9927417
vn -1 0 0
vn -0.9655346 0 -0.2602745
vn -0.8650312 0 -0.5017181
vn -0.7071068 0 -0.7071068
vn -0.5017181 0 -0.8650312
vn -0.2602746 0 -0.9655346
vn 0 0 -1
vn 0.2457303 0.3296026 -0.9115804
vn 0.4735838 0.3301626 -0.8165238
vn 0.667402 0.3303772 -0.667402
vn 0.8165237 0.3301629 -0.4735837
vn 0.9115803 0.3296027 -0.2457304
vn 0.9442682 0.3291771 0
vn 0.2476716 0.3074059 -0.918782
vn 0.4773381 0.3079364 -0.8229967
vn 0.6726997 0.3081399 -0.6726997
vn 0.8229966 0.3079366 -0.477338
vn 0.918782 0.307406 -0.2476717
vn 0.9517086 0.3070028 0
vn 0.2507531 0.2680042 -0.9302132
vn 0.4832979 0.2684782 -0.8332722
vn 0.6811101 0.2686601 -0.6811101
vn 0.8332722 0.2684783 -0.4832979
vn 0.9302132 0.2680042 -0.2507531
vn 0.9635179 0.2676438 0
vn 0.2546069 0.2075515 -0.9445093
vn 0.4907524 0.2079299 -0.8461248
vn 0.6916302 0.2080752 -0.6916302
vn 0.8461248 0.20793 -0.4907524
vn 0.9445092 0.2075515 -0.2546069
vn 0.9782851 0.2072638 0
vn 0.2583799 0.1204381 -0.9585064
vn 0.4980522 0.1206641 -0.8587107
vn 0.7019328 0.120751 -0.7019328
vn 0.8587107 0.1206642 -0.4980522
vn 0.9585064 0.1204381 -0.25838
vn 0.9927417 0.1202661 0
vn 0.2602745 0 -0.9655346
vn 0.5017181 0 -0.8650312
vn 0.7071068 0 -0.7071068
vn 0.8650312 0 -0.5017181
vn 0.9655346 0 -0.2602746
vn 1 0 0
vn 0 0.3291771 0.9442682
vn 0.2457303 0.3296026 0.9115804
vn 0.4735838 0.3301626 0.8165238
vn 0.667402 0.3303772 0.667402
vn 0.8165237 0.3301629 0.4735837
vn 0.9115803 0.3296027 0.2457304
vn 0 0.3070028 0.9517086
vn 0.2476716 0.3074059 0.918782
vn 0.4773381 0.3079364 0.8229967
vn 0.6726997 0.3081399 0.6726997
vn 0.8229966 0.3079366 0.477338
vn 0.918782 0.307406 0.2476717
vn 0 0.2676438 0.9635179
vn 0.2507531 0.2680042 0.9302132
vn 0.4832979 0.2684782 0.8332722
vn 0.6811101 0.2686601 0.6811101
vn 0.8332722 0.2684783 0.4832979
vn 0.9302132 0.2680042 0.2507531
vn 0 0.2072638 0.9782851
vn 0.2546069 0.2075515 0.9445093
vn 0.4907524 0.2079299 0.8461248
vn 0.6916302 0.2080752 0.6916302
vn 0.8461248 0.20793 0.4907524
vn 0.9445092 0.2075515 0.2546069
vn 0 0.1202661 0.9927417
vn 0.2583799 0.1204381 0.9585064
vn 0.4980522 0.1206641 0.8587107
vn 0.7019328 0.120751 0.7019328
vn 0.8587107 0.1206642 0.4980522
vn 0.9585064 0.1204381 0.25838
vn 0 0 1
vn 0.2602745 0 0.9655346
vn 0.5017181 0 0.8650312
vn 0.7071068 0 0.7071068
vn 0.8650312 0 0.5017181
vn 0.9655346 0 0.2602746
vn -0.9115804 0.3296026 0.2457303
vn -0.8165238 0.3301626 0.4735838
vn -0.667402 0.3303772 0.667402
vn -0.4735837 0.3301629 0.8165237
vn -0.2457304 0.3296027 0.9115803
vn -0.918782 0.3074059 0.2476716
vn -0.8229967 0.3079364 0.4773381
vn -0.6726997 0.3081399 0.6726997
vn -0.477338 0.3079366 0.8229966
vn -0.2476717 0.307406 0.918782
vn -0.9302132 0.2680042 0.2507531
vn -0.8332722 0.2684782 0.4832979
vn -0.6811101 0.2686601 0.6811101
vn -0.4832979 0.2684783 0.8332722
vn -0.2507531 0.2680042 0.9302132
vn -0.9445093 0.2075515 0.2546069
vn -0.8461248 0.2079299 0.4907524
vn -0.6916302 0.2080752 0.6916302
vn -0.4907524 0.20793 0.8461248
vn -0.2546069 0.2075515 0.9445092
vn -0.9585064 0.1204381 0.2583799
vn -0.8587107 0.1206641 0.4980522
vn -0.7019328 0.120751 0.7019328
vn -0.4980522 0.1206642 0.8587107
vn -0.25838 0.1204381 0.9585064
vn -0.9655346 0 0.2602745
vn -0.8650312 0 0.5017181
vn -0.7071068 0 0.7071068
vn -0.5017181 0 0.8650312
vn -0.2602746 0 0.9655346
vn -0.9638984 -0.2662703 0
vn -0.9305816 -0.266629 -0.2508524
vn -0.8336033 -0.267101 -0.48349
vn -0.681381 -0.2672821 -0.681381
vn -0.48349 -0.2671011 -0.8336033
vn -0.2508524 -0.2666291 -0.9305815
vn 0 -0.2662703 -0.9638984
vn -0.8797066 -0.475517 0
vn -0.8491086 -0.4760505 -0.2288901
vn -0.7603952 -0.4767518 -0.4410293
vn -0.6214705 -0.4770207 -0.6214705
vn -0.4410293 -0.4767519 -0.7603952
vn -0.2288901 -0.4760505 -0.8491085
vn 0 -0.475517 -0.8797066
vn -0.792624 -0.6097108 0
vn -0.7648934 -0.6102659 -0.2061886
vn -0.6847885 -0.6109951 -0.3971773
vn -0.5596175 -0.6112745 -0.5596175
vn -0.3971772 -0.6109952 -0.6847883
vn -0.2061886 -0.610266 -0.7648933
vn 0 -0.6097108 -0.792624
vn -0.7399401 -0.6726727 0
vn -0.7139691 -0.6732063 -0.1924612
vn -0.6390989 -0.6739071 -0.3706774
vn -0.5222487 -0.6741756 -0.5222487
vn -0.3706774 -0.6739072 -0.6390988
vn -0.1924612 -0.6732064 -0.7139691
vn 0 -0.6726727 -0.7399401
vn -0.7733921 -0.6339279 0
vn -0.7463017 -0.6344774 -0.201177
vn -0.6681055 -0.6351991 -0.3875012
vn -0.5459719 -0.6354756 -0.5459719
vn -0.3875012 -0.6351992 -0.6681054
vn -0.201177 -0.6344776 -0.7463016
vn 0 -0.6339279 -0.7733921
vn -1 0 0
vn -0.9655346 0 -0.2602746
vn -0.8650312 0 -0.5017182
vn -0.7071068 0 -0.7071068
vn -0.5017181 0 -0.8650312
vn -0.2602746 0 -0.9655347
vn 0 0 -1
vn 0.2508524 -0.266629 -0.9305816
vn 0.48349 -0.267101 -0.8336033
vn 0.681381 -0.2672821 -0.681381
vn 0.8336033 -0.2671011 -0.48349
vn 0.9305815 -0.2666291 -0.2508524
vn 0.9638984 -0.2662703 0
vn 0.2288901 -0.4760505 -0.8491086
vn 0.4410293 -0.4767518 -0.7603952
vn 0.6214705 -0.4770207 -0.6214705
vn 0.7603952 -0.4767519 -0.4410293
vn 0.8491085 -0.4760505 -0.2288901
vn 0.8797066 -0.475517 0
vn 0.2061886 -0.6102659 -0.7648934
vn 0.3971773 -0.6109951 -0.6847885
vn 0.5596175 -0.6112745 -0.5596175
vn 0.6847883 -0.6109952 -0.3971772
vn 0.7648933 -0.610266 -0.2061886
vn 0.792624 -0.6097108 0
vn 0.1924612 -0.6732063 -0.7139691
vn 0.3706774 -0.6739071 -0.6390989
vn 0.5222487 -0.6741756 -0.5222487
vn 0.6390988 -0.6739072 -0.3706774
vn 0.7139691 -0.6732064 -0.1924612
vn 0.7399401 -0.6726727 0
vn 0.201177 -0.6344774 -0.7463017
vn 0.3875012 -0.6351991 -0.6681055
vn 0.5459719 -0.6354756 -0.5459719
vn 0.6681054 -0.6351992 -0.3875012
vn 0.7463016 -0.6344776 -0.201177
vn 0.7733921 -0.6339279 0
vn 0.2602746 0 -0.9655346
vn 0.5017182 0 -0.8650312
vn 0.7071068 0 -0.7071068
vn 0.8650312 0 -0.5017181
vn 0.9655347 0 -0.2602746
vn 1 0 0
vn 0 -0.2662703 0.9638984
vn 0.2508524 -0.266629 0.9305816
vn 0.48349 -0.267101 0.8336033
vn 0.681381 -0.2672821 0.681381
vn 0.8336033 -0.2671011 0.48349
vn 0.9305815 -0.2666291 0.2508524
vn 0 -0.475517 0.8797066
vn 0.2288901 -0.4760505 0.8491086
vn 0.4410293 -0.4767518 0.7603952
vn 0.6214705 -0.4770207 0.6214705
vn 0.7603952 -0.4767519 0.4410293
vn 0.8491085 -0.4760505 0.2288901
vn 0 -0.6097108 0.792624
vn 0.2061886 -0.6102659 0.7648934
vn 0.3971773 -0.6109951 0.6847885
vn 0.5596175 -0.6112745 0.5596175
vn 0.6847883 -0.6109952 0.3971772
vn 0.7648933 -0.610266 0.2061886
vn 0 -0.6726727 0.7399401
vn 0.1924612 -0.6732063 0.7139691
vn 0.3706774 -0.6739071 0.6390989
vn 0.5222487 -0.6741756 0.5222487
vn 0.6390988 -0.6739072 0.3706774
vn 0.7139691 -0.6732064 0.1924612
vn 0 -0.6339279 0.7733921
vn 0.201177 -0.6344774 0.7463017
vn 0.3875012 -0.6351991 0.6681055
vn 0.5459719 -0.6354756 0.5459719
vn 0.6681054 -0.6351992 0.3875012
vn 0.7463016 -0.6344776 0.201177
vn 0 0 1
vn 0.2602746 0 0.9655346
vn 0.5017182 0 0.8650312
vn 0.7071068 0 0.7071068
vn 0.8650312 0 0.5017181
vn 0.9655347 0 0.2602746
vn -0.9305816 -0.266629 0.2508524
vn -0.8336033 -0.267101 0.48349
vn -0.681381 -0.2672821 0.681381
vn -0.48349 -0.2671011 0.8336033
vn -0.2508524 -0.2666291 0.9305815
vn -0.8491086 -0.4760505 0.2288901
vn -0.7603952 -0.4767518 0.4410293
vn -0.6214705 -0.4770207 0.6214705
vn -0.4410293 -0.4767519 0.7603952
vn -0.2288901 -0.4760505 0.8491085
vn -0.7648934 -0.6102659 0.2061886
vn -0.6847885 -0.6109951 0.3971773
vn -0.5596175 -0.6112745 0.5596175
vn -0.3971772 -0.6109952 0.6847883
vn -0.2061886 -0.610266 0.7648933
vn -0.7139691 -0.6732063 0.1924612
vn -0.6390989 -0.6739071 0.3706774
vn -0.5222487 -0.6741756 0.5222487
vn -0.3706774 -0.6739072 0.6390988
vn -0.1924612 -0.6732064 0.7139691
vn -0.7463017 -0.6344774 0.201177
vn -0.6681055 -0.6351991 0.3875012
vn -0.5459719 -0.6354756 0.5459719
vn -0.3875012 -0.6351992 0.6681054
vn -0.201177 -0.6344776 0.7463016
vn -0.9655346 0 0.2602746
vn -0.8650312 0 0.5017182
vn -0.7071068 0 0.7071068
vn -0.5017181 0 0.8650312
vn -0.2602746 0 0.9655347

vt 0.125 1
vt 0.1445313 1
vt 0.1640625 1
vt 0.1835938 1
vt 0.203125 1
vt 0.2226563 1
vt 0.2421875 1
vt 0.125 0.9451058
vt 0.1445313 0.9449384
vt 0.1640625 0.9444802
vt 0.1835938 0.9437831
vt 0.203125 0.9429374
vt 0.2226563 0.9421533
vt 0.2421875 0.9417989
vt 0.125 0.8981482
vt 0.1445313 0.8978133
vt 0.1640625 0.8968969
vt 0.1835938 0.8955027
vt 0.203125 0.8938112
vt 0.2226563 0.892243
vt 0.2421875 0.8915344
vt 0.125 0.8571429
vt 0.1445313 0.8566908
vt 0.1640625 0.8554536
vt 0.1835938 0.8535714
vt 0.203125 0.851288
vt 0.2226563 0.8491709
vt 0.2421875 0.8482143
vt 0.125 0.8201058
vt 0.1445313 0.8196369
vt 0.1640625 0.818354
vt 0.1835938 0.8164021
vt 0.203125 0.8140341
vt 0.2226563 0.8118386
vt 0.2421875 0.8108466
vt 0.125 0.7850529
vt 0.1445313 0.784718
vt 0.1640625 0.7838017
vt 0.1835938 0.7824074
vt 0.203125 0.780716
vt 0.2226563 0.7791477
vt 0.2421875 0.7784392
vt 0.125 0.75
vt 0.1445313 0.75
vt 0.1640625 0.75
vt 0.1835938 0.75
vt 0.203125 0.75
vt 0.2226563 0.75
vt 0.2421875 0.75
vt 0.1054688 1
vt 0.0859375 1
vt 0.06640625 1
vt 0.046875 1
vt 0.02734375 1
vt 0.0078125 1
vt 0.1054688 0.9449384
vt 0.0859375 0.9444802
vt 0.06640625 0.9437831
vt 0.046875 0.9429374
vt 0.02734375 0.9421533
vt 0.0078125 0.9417989
vt 0.1054688 0.8978133
vt 0.0859375 0.8968969
vt 0.06640625 0.8955027
vt 0.046875 0.8938112
vt 0.02734375 0.892243
vt 0.0078125 0.8915344
vt 0.1054688 0.8566908
vt 0.0859375 0.8554536
vt 0.06640625 0.8535714
vt 0.046875 0.851288
vt 0.02734375 0.8491709
vt 0.0078125 0.8482143
vt 0.1054688 0.8196369
vt 0.0859375 0.818354
vt 0.06640625 0.8164021
vt 0.046875 0.8140341
vt 0.02734375 0.8118386
vt 0.0078125 0.8108466
vt 0.1054688 0.784718
vt 0.0859375 0.7838017
vt 0.06640625 0.7824074
vt 0.046875 0.780716
vt 0.02734375 0.7791477
vt 0.0078125 0.7784392
vt 0.1054688 0.75
vt 0.0859375 0.75
vt 0.06640625 0.75
vt 0.046875 0.75
vt 0.02734375 0.75
vt 0.0078125 0.75
vt 0.125 0.7166411
vt 0.1445313 0.7169747
vt 0.1640625 0.7178848
vt 0.1835938 0.7192554
vt 0.203125 0.7208856
vt 0.2226563 0.722358
vt 0.2421875 0.7230096
vt 0.125 0.6818174
vt 0.1445313 0.682208
vt 0.1640625 0.6832684
vt 0.1835938 0.684854
vt 0.203125 0.6867255
vt 0.2226563 0.6884052
vt 0.2421875 0.6891459
vt 0.125 0.6450101
vt 0.1445313 0.6452885
vt 0.1640625 0.6460364
vt 0.1835938 0.6471369
vt 0.203125 0.6484133
vt 0.2226563 0.6495423
vt 0.2421875 0.6500361
vt 0.125 0.6057006
vt 0.1445313 0.6058048
vt 0.1640625 0.606074
vt 0.1835938 0.6064448
vt 0.203125 0.6068425
vt 0.2226563 0.60717
vt 0.2421875 0.6073071
vt 0.125 0.5633702
vt 0.1445313 0.5633458
vt 0.1640625 0.5632668
vt 0.1835938 0.5631189
vt 0.203125 0.5629069
vt 0.2226563 0.5626891
vt 0.2421875 0.5625861
vt 0.125 0.5175
vt 0.1445313 0.5175
vt 0.1640625 0.5175
vt 0.1835938 0.5175
vt 0.203125 0.5175
vt 0.2226563 0.5175
vt 0.2421875 0.5175
vt 0.1054688 0.7169747
vt 0.0859375 0.7178848
vt 0.06640625 0.7192554
vt 0.046875 0.7208856
vt 0.02734375 0.722358
vt 0.0078125 0.7230096
vt 0.1054688 0.682208
vt 0.0859375 0.6832684
vt 0.06640625 0.684854
vt 0.046875 0.6867255
vt 0.02734375 0.6884052
vt 0.0078125 0.6891459
vt 0.1054688 0.6452885
vt 0.0859375 0.6460364
vt 0.06640625 0.6471369
vt 0.046875 0.6484133
vt 0.02734375 0.6495423
vt 0.0078125 0.6500361
vt 0.1054688 0.6058048
vt 0.0859375 0.606074
vt 0.06640625 0.6064448
vt 0.046875 0.6068425
vt 0.02734375 0.60717
vt 0.0078125 0.6073071
vt 0.1054688 0.5633458
vt 0.0859375 0.5632668
vt 0.06640625 0.5631189
vt 0.046875 0.5629069
vt 0.02734375 0.5626891
vt 0.0078125 0.5625861
vt 0.1054688 0.5175
vt 0.0859375 0.5175
vt 0.06640625 0.5175
vt 0.046875 0.5175
vt 0.02734375 0.5175
vt 0.0078125 0.5175
vt 0.75 1
vt 0.7708333 1
vt 0.7916667 1
vt 0.8125 1
vt 0.8333333 1
vt 0.8541667 1
vt 0.875 1
vt 0.75 0.9867486
vt 0.7708333 0.9864518
vt 0.7916667 0.9857686
vt 0.8125 0.9851111
vt 0.8333333 0.9847235
vt 0.8541667 0.9845542
vt 0.875 0.9844893
vt 0.75 0.9743989
vt 0.7708333 0.9740793
vt 0.7916667 0.9733532
vt 0.8125 0.9726443
vt 0.8333333 0.9722013
vt 0.8541667 0.9719901
vt 0.875 0.9719115
vt 0.75 0.9625
vt 0.7708333 0.962315
vt 0.7916667 0.9619111
vt 0.8125 0.9614999
vt 0.8333333 0.9612007
vt 0.8541667 0.9610301
vt 0.875 0.9609703
vt 0.75 0.950601
vt 0.7708333 0.9505919
vt 0.7916667 0.9505999
vt 0.8125 0.9505777
vt 0.8333333 0.9504889
vt 0.8541667 0.9503968
vt 0.875 0.9503689
vt 0.75 0.9382513
vt 0.7708333 0.9383426
vt 0.7916667 0.9385771
vt 0.8125 0.9387777
vt 0.8333333 0.9388329
vt 0.8541667 0.9388126
vt 0.875 0.9388111
vt 0.75 0.925
vt 0.7708333 0.925
vt 0.7916667 0.925
vt 0.8125 0.925
vt 0.8333333 0.925
vt 0.8541667 0.925
vt 0.875 0.925
vt 1 1
vt 0.9791667 1
vt 0.9583333 1
vt 0.9375 1
vt 0.9166667 1
vt 0.8958333 1
vt 1 0.9867486
vt 0.9791667 0.9864518
vt 0.9583333 0.9857686
vt 0.9375 0.9851111
vt 0.9166667 0.9847235
vt 0.8958333 0.9845542
vt 1 0.9743989
vt 0.9791667 0.9740793
vt 0.9583333 0.9733532
vt 0.9375 0.9726443
vt 0.9166667 0.9722013
vt 0.8958333 0.9719901
vt 1 0.9625
vt 0.9791667 0.962315
vt 0.9583333 0.9619111
vt 0.9375 0.9614999
vt 0.9166667 0.9612007
vt 0.8958333 0.9610301
vt 1 0.950601
vt 0.9791667 0.9505919
vt 0.9583333 0.9505999
vt 0.9375 0.9505777
vt 0.9166667 0.9504889
vt 0.8958333 0.9503968
vt 1 0.9382513
vt 0.9791667 0.9383426
vt 0.9583333 0.9385771
vt 0.9375 0.9387777
vt 0.9166667 0.9388329
vt 0.8958333 0.9388126
vt 1 0.925
vt 0.9791667 0.925
vt 0.9583333 0.925
vt 0.9375 0.925
vt 0.9166667 0.925
vt 0.8958333 0.925
vt 0.75 0.8716654
vt 0.7708333 0.871574
vt 0.7916667 0.8711667
vt 0.8125 0.8705297
vt 0.8333333 0.8698981
vt 0.8541667 0.8694355
vt 0.875 0.8692521
vt 0.75 0.8094902
vt 0.7708333 0.8090367
vt 0.7916667 0.8079446
vt 0.8125 0.8066845
vt 0.8333333 0.8056084
vt 0.8541667 0.8048866
vt 0.875 0.8046172
vt 0.75 0.7405194
vt 0.7708333 0.7396635
vt 0.7916667 0.7379394
vt 0.8125 0.7362506
vt 0.8333333 0.7349664
vt 0.8541667 0.7341749
vt 0.875 0.7338991
vt 0.75 0.6667978
vt 0.7708333 0.6657297
vt 0.7916667 0.6637566
vt 0.8125 0.6620145
vt 0.8333333 0.6608076
vt 0.8541667 0.6601223
vt 0.875 0.6599013
vt 0.75 0.5903701
vt 0.7708333 0.5895105
vt 0.7916667 0.5880021
vt 0.8125 0.5867627
vt 0.8333333 0.5859675
vt 0.8541667 0.5855505
vt 0.875 0.5854275
vt 0.75 0.5132812
vt 0.7708333 0.5132812
vt 0.7916667 0.5132812
vt 0.8125 0.5132812
vt 0.8333333 0.5132812
vt 0.8541667 0.5132812
vt 0.875 0.5132812
vt 1 0.8716654
vt 0.9791667 0.871574
vt 0.9583333 0.8711667
vt 0.9375 0.8705297
vt 0.9166667 0.8698981
vt 0.8958333 0.8694355
vt 1 0.8094902
vt 0.9791667 0.8090367
vt 0.9583333 0.8079446
vt 0.9375 0.8066845
vt 0.9166667 0.8056084
vt 0.8958333 0.8048866
vt 1 0.7405194
vt 0.9791667 0.7396635
vt 0.9583333 0.7379394
vt 0.9375 0.7362506
vt 0.9166667 0.7349664
vt 0.8958333 0.7341749
vt 1 0.6667978
vt 0.9791667 0.6657297
vt 0.9583333 0.6637566
vt 0.9375 0.6620145
vt 0.9166667 0.6608076
vt 0.8958333 0.6601223
vt 1 0.5903701
vt 0.9791667 0.5895105
vt 0.9583333 0.5880021
vt 0.9375 0.5867627
vt 0.9166667 0.5859675
vt 0.8958333 0.5855505
vt 1 0.5132812
vt 0.9791667 0.5132812
vt 0.9583333 0.5132812
vt 0.9375 0.5132812
vt 0.9166667 0.5132812
vt 0.8958333 0.5132812
vt 0.375 0.75
vt 0.375 0.7020409
vt 0.381208 0.7036626
vt 0.3869974 0.7084398
vt 0.3919694 0.7160613
vt 0.3957801 0.7260052
vt 0.3981687 0.7375839
vt 0.3989796 0.75
vt 0.375 0.6545408
vt 0.3873559 0.6577742
vt 0.3988767 0.6672888
vt 0.4087706 0.6824588
vt 0.4163556 0.7022467
vt 0.4211129 0.7252882
vt 0.4227296 0.75
vt 0.375 0.6098246
vt 0.3931429 0.6145797
vt 0.4100569 0.6285593
vt 0.4245822 0.6508355
vt 0.4357204 0.6798862
vt 0.4427101 0.7137142
vt 0.4450877 0.75
vt 0.375 0.5702168
vt 0.3982681 0.5763243
vt 0.4199572 0.5942639
vt 0.4385827 0.6228345
vt 0.452868 0.6600857
vt 0.4618378 0.7034637
vt 0.4648916 0.75
vt 0.375 0.5380421
vt 0.4024309 0.5452532
vt 0.4279964 0.5664151
vt 0.4499505 0.600099
vt 0.4667925 0.6440072
vt 0.4773734 0.6951382
vt 0.480979 0.75
vt 0.375 0.515625
vt 0.4053304 0.5236111
vt 0.4335938 0.5470253
vt 0.4578641 0.5842718
vt 0.4764874 0.6328126
vt 0.4881944 0.6893393
vt 0.4921875 0.75
vt 0.3981687 0.7624161
vt 0.3957801 0.7739948
vt 0.3919694 0.7839387
vt 0.3869974 0.7915602
vt 0.381208 0.7963374
vt 0.375 0.7979591
vt 0.4211129 0.7747118
vt 0.4163556 0.7977533
vt 0.4087706 0.8175412
vt 0.3988767 0.8327112
vt 0.3873559 0.8422258
vt 0.375 0.8454592
vt 0.4427101 0.7862858
vt 0.4357204 0.8201138
vt 0.4245822 0.8491645
vt 0.4100569 0.8714407
vt 0.3931429 0.8854203
vt 0.375 0.8901754
vt 0.4618378 0.7965363
vt 0.452868 0.8399143
vt 0.4385827 0.8771656
vt 0.4199571 0.9057361
vt 0.3982681 0.9236757
vt 0.375 0.9297832
vt 0.4773734 0.8048618
vt 0.4667925 0.8559928
vt 0.4499505 0.8999011
vt 0.4279964 0.9335849
vt 0.4024309 0.9547468
vt 0.375 0.9619579
vt 0.4881944 0.8106608
vt 0.4764873 0.8671875
vt 0.457864 0.9157282
vt 0.4335938 0.9529747
vt 0.4053304 0.9763889
vt 0.375 0.984375
vt 0.3510204 0.75
vt 0.3518313 0.7624161
vt 0.3542199 0.7739948
vt 0.3580306 0.7839387
vt 0.3630026 0.7915602
vt 0.368792 0.7963374
vt 0.3272704 0.75
vt 0.3288871 0.7747118
vt 0.3336444 0.7977533
vt 0.3412294 0.8175412
vt 0.3511233 0.8327112
vt 0.3626441 0.8422258
vt 0.3049123 0.75
vt 0.3072899 0.7862858
vt 0.3142796 0.8201138
vt 0.3254178 0.8491645
vt 0.3399431 0.8714407
vt 0.3568571 0.8854203
vt 0.2851084 0.75
vt 0.2881622 0.7965363
vt 0.297132 0.8399143
vt 0.3114173 0.8771656
vt 0.3300429 0.9057361
vt 0.3517319 0.9236757
vt 0.269021 0.75
vt 0.2726266 0.8048618
vt 0.2832075 0.8559928
vt 0.3000495 0.8999011
vt 0.3220036 0.9335849
vt 0.3475691 0.9547468
vt 0.2578125 0.75
vt 0.2618056 0.8106608
vt 0.2735127 0.8671875
vt 0.292136 0.9157282
vt 0.3164063 0.9529747
vt 0.3446696 0.9763889
vt 0.368792 0.7036626
vt 0.3630026 0.7084398
vt 0.3580306 0.7160613
vt 0.3542199 0.7260052
vt 0.3518313 0.7375839
vt 0.3626441 0.6577742
vt 0.3511233 0.6672888
vt 0.3412294 0.6824588
vt 0.3336444 0.7022467
vt 0.3288871 0.7252882
vt 0.3568571 0.6145797
vt 0.3399431 0.6285593
vt 0.3254178 0.6508355
vt 0.3142796 0.6798862
vt 0.3072899 0.7137142
vt 0.3517319 0.5763243
vt 0.3300428 0.5942639
vt 0.3114173 0.6228345
vt 0.297132 0.6600857
vt 0.2881622 0.7034637
vt 0.3475691 0.5452532
vt 0.3220036 0.5664151
vt 0.3000495 0.600099
vt 0.2832075 0.6440072
vt 0.2726266 0.6951382
vt 0.3446696 0.5236111
vt 0.3164063 0.5470253
vt 0.2921359 0.5842718
vt 0.2735126 0.6328126
vt 0.2618056 0.6893393
vt 0.625 0.7139423
vt 0.6296662 0.715171
vt 0.6340144 0.7187731
vt 0.6377483 0.7245034
vt 0.6406134 0.7319711
vt 0.6424145 0.7406676
vt 0.6430289 0.75
vt 0.625 0.6871595
vt 0.6331317 0.6893037
vt 0.6407084 0.6955845
vt 0.6472145 0.705571
vt 0.6522077 0.7185832
vt 0.6553481 0.7337365
vt 0.6564202 0.75
vt 0.625 0.6508725
vt 0.6378281 0.6542498
vt 0.6497821 0.6641524
vt 0.6600472 0.6799055
vt 0.6679238 0.7004359
vt 0.6728751 0.7243438
vt 0.6745638 0.75
vt 0.625 0.6103284
vt 0.6430756 0.6150815
vt 0.6599215 0.6290284
vt 0.6743875 0.651225
vt 0.6854858 0.6801571
vt 0.6924593 0.7138487
vt 0.6948358 0.75
vt 0.625 0.5707743
vt 0.6481949 0.5768708
vt 0.6698126 0.5947647
vt 0.6883764 0.6232472
vt 0.7026176 0.6603749
vt 0.7115646 0.7036102
vt 0.7146128 0.75
vt 0.625 0.5374575
vt 0.6525064 0.54469
vt 0.6781414 0.565913
vt 0.7001549 0.5996902
vt 0.7170435 0.6437174
vt 0.727655 0.6949873
vt 0.7312713 0.75
vt 0.625 0.515625
vt 0.6553304 0.5236111
vt 0.6835938 0.5470253
vt 0.707864 0.5842718
vt 0.7264873 0.6328126
vt 0.7381944 0.6893393
vt 0.7421875 0.75
vt 0.6424145 0.7593324
vt 0.6406134 0.7680289
vt 0.6377483 0.7754967
vt 0.6340144 0.7812269
vt 0.6296662 0.784829
vt 0.625 0.7860577
vt 0.6553481 0.7662635
vt 0.6522077 0.7814168
vt 0.6472145 0.794429
vt 0.6407084 0.8044155
vt 0.6331317 0.8106963
vt 0.625 0.8128405
vt 0.6728751 0.7756562
vt 0.6679238 0.7995641
vt 0.6600472 0.8200945
vt 0.6497821 0.8358476
vt 0.6378281 0.8457502
vt 0.625 0.8491275
vt 0.6924592 0.7861513
vt 0.6854858 0.8198429
vt 0.6743875 0.848775
vt 0.6599215 0.8709716
vt 0.6430756 0.8849185
vt 0.625 0.8896716
vt 0.7115646 0.7963899
vt 0.7026176 0.8396251
vt 0.6883764 0.8767529
vt 0.6698126 0.9052353
vt 0.6481949 0.9231292
vt 0.625 0.9292257
vt 0.727655 0.8050127
vt 0.7170435 0.8562827
vt 0.7001549 0.9003099
vt 0.6781414 0.934087
vt 0.6525063 0.95531
vt 0.625 0.9625425
vt 0.7381944 0.8106608
vt 0.7264873 0.8671875
vt 0.707864 0.9157282
vt 0.6835938 0.9529747
vt 0.6553304 0.9763889
vt 0.625 0.984375
vt 0.6069711 0.75
vt 0.6075855 0.7593324
vt 0.6093866 0.7680289
vt 0.6122517 0.7754967
vt 0.6159856 0.7812269
vt 0.6203338 0.784829
vt 0.5935798 0.75
vt 0.5946519 0.7662635
vt 0.5977923 0.7814168
vt 0.6027855 0.794429
vt 0.6092916 0.8044155
vt 0.6168683 0.8106963
vt 0.5754362 0.75
vt 0.5771249 0.7756562
vt 0.5820762 0.7995641
vt 0.5899528 0.8200945
vt 0.6002179 0.8358476
vt 0.6121719 0.8457502
vt 0.5551642 0.75
vt 0.5575408 0.7861513
vt 0.5645142 0.8198429
vt 0.5756125 0.848775
vt 0.5900785 0.8709716
vt 0.6069244 0.8849185
vt 0.5353872 0.75
vt 0.5384354 0.7963899
vt 0.5473824 0.8396251
vt 0.5616236 0.8767529
vt 0.5801874 0.9052353
vt 0.6018051 0.9231292
vt 0.5187287 0.75
vt 0.522345 0.8050127
vt 0.5329565 0.8562827
vt 0.5498451 0.9003099
vt 0.5718586 0.934087
vt 0.5974937 0.95531
vt 0.5078125 0.75
vt 0.5118056 0.8106608
vt 0.5235127 0.8671875
vt 0.542136 0.9157282
vt 0.5664063 0.9529747
vt 0.5946696 0.9763889
vt 0.6203338 0.715171
vt 0.6159856 0.7187731
vt 0.6122517 0.7245034
vt 0.6093866 0.7319711
vt 0.6075855 0.7406676
vt 0.6168683 0.6893037
vt 0.6092916 0.6955845
vt 0.6027855 0.705571
vt 0.5977923 0.7185832
vt 0.5946519 0.7337365
vt 0.6121719 0.6542498
vt 0.6002179 0.6641524
vt 0.5899528 0.6799055
vt 0.5820762 0.7004359
vt 0.5771249 0.7243438
vt 0.6069244 0.6150815
vt 0.5900785 0.6290284
vt 0.5756125 0.651225
vt 0.5645142 0.6801571
vt 0.5575407 0.7138487
vt 0.6018051 0.5768708
vt 0.5801874 0.5947647
vt 0.5616236 0.6232472
vt 0.5473824 0.6603749
vt 0.5384354 0.7036102
vt 0.5974936 0.54469
vt 0.5718586 0.565913
vt 0.5498451 0.5996902
vt 0.5329565 0.6437174
vt 0.522345 0.6949873
vt 0.5946696 0.5236111
vt 0.5664063 0.5470253
vt 0.542136 0.5842718
vt 0.5235127 0.6328126
vt 0.5118056 0.6893393
vt 0 0.5
vt 0.04166667 0.5
vt 0.08333334 0.5
vt 0.125 0.5
vt 0.1666667 0.5
vt 0.2083333 0.5
vt 0.25 0.5
vt 0 0.4922923
vt 0.04166667 0.4922937
vt 0.08333334 0.4922953
vt 0.125 0.4922959
vt 0.1666667 0.4922953
vt 0.2083333 0.4922937
vt 0.25 0.4922923
vt 0 0.4854339
vt 0.04166667 0.4854349
vt 0.08333334 0.4854362
vt 0.125 0.4854367
vt 0.1666667 0.4854362
vt 0.2083333 0.4854349
vt 0.25 0.4854339
vt 0 0.479
vt 0.04166667 0.479
vt 0.08333334 0.479
vt 0.125 0.479
vt 0.1666667 0.479
vt 0.2083333 0.479
vt 0.25 0.479
vt 0 0.4725661
vt 0.04166667 0.4725651
vt 0.08333334 0.4725638
vt 0.125 0.4725633
vt 0.1666667 0.4725638
vt 0.2083333 0.4725651
vt 0.25 0.4725661
vt 0 0.4657077
vt 0.04166667 0.4657063
vt 0.08333334 0.4657047
vt 0.125 0.4657041
vt 0.1666667 0.4657047
vt 0.2083333 0.4657063
vt 0.25 0.4657077
vt 0 0.458
vt 0.04166667 0.458
vt 0.08333334 0.458
vt 0.125 0.458
vt 0.1666667 0.458
vt 0.2083333 0.458
vt 0.25 0.458
vt 0.2916667 0.5
vt 0.3333333 0.5
vt 0.375 0.5
vt 0.4166667 0.5
vt 0.4583333 0.5
vt 0.5 0.5
vt 0.2916667 0.4922937
vt 0.3333333 0.4922953
vt 0.375 0.4922959
vt 0.4166667 0.4922953
vt 0.4583333 0.4922937
vt 0.5 0.4922923
vt 0.2916667 0.4854349
vt 0.3333333 0.4854362
vt 0.375 0.4854367
vt 0.4166667 0.4854362
vt 0.4583333 0.4854349
vt 0.5 0.4854339
vt 0.2916667 0.479
vt 0.3333333 0.479
vt 0.375 0.479
vt 0.4166667 0.479
vt 0.4583333 0.479
vt 0.5 0.479
vt 0.2916667 0.4725651
vt 0.3333333 0.4725638
vt 0.375 0.4725633
vt 0.4166667 0.4725638
vt 0.4583333 0.4725651
vt 0.5 0.4725661
vt 0.2916667 0.4657063
vt 0.3333333 0.4657047
vt 0.375 0.4657041
vt 0.4166667 0.4657047
vt 0.4583333 0.4657063
vt 0.5 0.4657077
vt 0.2916667 0.458
vt 0.3333333 0.458
vt 0.375 0.458
vt 0.4166667 0.458
vt 0.4583333 0.458
vt 0.5 0.458
vt 0.75 0.5
vt 0.7083334 0.5
vt 0.6666666 0.5
vt 0.625 0.5
vt 0.5833333 0.5
vt 0.5416667 0.5
vt 0.75 0.4922923
vt 0.7083334 0.4922937
vt 0.6666666 0.4922953
vt 0.625 0.4922959
vt 0.5833333 0.4922953
vt 0.5416667 0.4922937
vt 0.75 0.4854339
vt 0.7083334 0.4854349
vt 0.6666666 0.4854362
vt 0.625 0.4854367
vt 0.5833333 0.4854362
vt 0.5416667 0.4854349
vt 0.75 0.479
vt 0.7083334 0.479
vt 0.6666666 0.479
vt 0.625 0.479
vt 0.5833333 0.479
vt 0.5416667 0.479
vt 0.75 0.4725661
vt 0.7083334 0.4725651
vt 0.6666666 0.4725638
vt 0.625 0.4725633
vt 0.5833333 0.4725638
vt 0.5416667 0.4725651
vt 0.75 0.4657077
vt 0.7083334 0.4657063
vt 0.6666666 0.4657047
vt 0.625 0.4657041
vt 0.5833333 0.4657047
vt 0.5416667 0.4657063
vt 0.75 0.458
vt 0.7083334 0.458
vt 0.6666666 0.458
vt 0.625 0.458
vt 0.5833333 0.458
vt 0.5416667 0.458
vt 1 0.5
vt 0.9583333 0.5
vt 0.9166667 0.5
vt 0.875 0.5
vt 0.8333333 0.5
vt 0.7916667 0.5
vt 1 0.4922923
vt 0.9583333 0.4922937
vt 0.9166667 0.4922953
vt 0.875 0.4922959
vt 0.8333333 0.4922953
vt 0.7916667 0.4922937
vt 1 0.4854339
vt 0.9583333 0.4854349
vt 0.9166667 0.4854362
vt 0.875 0.4854367
vt 0.8333333 0.4854362
vt 0.7916667 0.4854349
vt 1 0.479
vt 0.9583333 0.479
vt 0.9166667 0.479
vt 0.875 0.479
vt 0.8333333 0.479
vt 0.7916667 0.479
vt 1 0.4725661
vt 0.9583333 0.4725651
vt 0.9166667 0.4725638
vt 0.875 0.4725633
vt 0.8333333 0.4725638
vt 0.7916667 0.4725651
vt 1 0.4657077
vt 0.9583333 0.4657063
vt 0.9166667 0.4657047
vt 0.875 0.4657041
vt 0.8333333 0.4657047
vt 0.7916667 0.4657063
vt 1 0.458
vt 0.9583333 0.458
vt 0.9166667 0.458
vt 0.875 0.458
vt 0.8333333 0.458
vt 0.7916667 0.458
vt 0 0.4243968
vt 0.04166667 0.4243951
vt 0.08333334 0.4243931
vt 0.125 0.4243924
vt 0.1666667 0.4243932
vt 0.2083333 0.4243951
vt 0.25 0.4243968
vt 0 0.3911541
vt 0.04166667 0.3911511
vt 0.08333334 0.3911475
vt 0.125 0.3911461
vt 0.1666667 0.3911475
vt 0.2083333 0.3911511
vt 0.25 0.3911541
vt 0 0.3586324
vt 0.04166667 0.3586288
vt 0.08333334 0.3586242
vt 0.125 0.3586224
vt 0.1666667 0.3586242
vt 0.2083333 0.3586288
vt 0.25 0.3586324
vt 0 0.3271925
vt 0.04166667 0.3271889
vt 0.08333334 0.3271843
vt 0.125 0.3271826
vt 0.1666667 0.3271843
vt 0.2083333 0.3271889
vt 0.25 0.3271925
vt 0 0.2971949
vt 0.04166667 0.2971924
vt 0.08333334 0.2971892
vt 0.125 0.297188
vt 0.1666667 0.2971892
vt 0.2083333 0.2971924
vt 0.25 0.2971949
vt 0 0.269
vt 0.04166667 0.269
vt 0.08333334 0.269
vt 0.125 0.269
vt 0.1666667 0.269
vt 0.2083333 0.269
vt 0.25 0.269
vt 0.2916667 0.4243951
vt 0.3333333 0.4243931
vt 0.375 0.4243924
vt 0.4166667 0.4243932
vt 0.4583333 0.4243951
vt 0.5 0.4243968
vt 0.2916667 0.3911511
vt 0.3333333 0.3911475
vt 0.375 0.3911461
vt 0.4166667 0.3911475
vt 0.4583333 0.3911511
vt 0.5 0.3911541
vt 0.2916667 0.3586288
vt 0.3333333 0.3586242
vt 0.375 0.3586224
vt 0.4166667 0.3586242
vt 0.4583333 0.3586288
vt 0.5 0.3586324
vt 0.2916667 0.3271889
vt 0.3333333 0.3271843
vt 0.375 0.3271826
vt 0.4166667 0.3271843
vt 0.4583333 0.3271889
vt 0.5 0.3271925
vt 0.2916667 0.2971924
vt 0.3333333 0.2971892
vt 0.375 0.297188
vt 0.4166667 0.2971892
vt 0.4583333 0.2971924
vt 0.5 0.2971949
vt 0.2916667 0.269
vt 0.3333333 0.269
vt 0.375 0.269
vt 0.4166667 0.269
vt 0.4583333 0.269
vt 0.5 0.269
vt 0.75 0.4243968
vt 0.7083334 0.4243951
vt 0.6666666 0.4243931
vt 0.625 0.4243924
vt 0.5833333 0.4243932
vt 0.5416667 0.4243951
vt 0.75 0.3911541
vt 0.7083334 0.3911511
vt 0.6666666 0.3911475
vt 0.625 0.3911461
vt 0.5833333 0.3911475
vt 0.5416667 0.3911511
vt 0.75 0.3586324
vt 0.7083334 0.3586288
vt 0.6666666 0.3586242
vt 0.625 0.3586224
vt 0.5833333 0.3586242
vt 0.5416667 0.3586288
vt 0.75 0.3271925
vt 0.7083334 0.3271889
vt 0.6666666 0.3271843
vt 0.625 0.3271826
vt 0.5833333 0.3271843
vt 0.5416667 0.3271889
vt 0.75 0.2971949
vt 0.7083334 0.2971924
vt 0.6666666 0.2971892
vt 0.625 0.297188
vt 0.5833333 0.2971892
vt 0.5416667 0.2971924
vt 0.75 0.269
vt 0.7083334 0.269
vt 0.6666666 0.269
vt 0.625 0.269
vt 0.5833333 0.269
vt 0.5416667 0.269
vt 1 0.4243968
vt 0.9583333 0.4243951
vt 0.9166667 0.4243931
vt 0.875 0.4243924
vt 0.8333333 0.4243932
vt 0.7916667 0.4243951
vt 1 0.3911541
vt 0.9583333 0.3911511
vt 0.9166667 0.3911475
vt 0.875 0.3911461
vt 0.8333333 0.3911475
vt 0.7916667 0.3911511
vt 1 0.3586324
vt 0.9583333 0.3586288
vt 0.9166667 0.3586242
vt 0.875 0.3586224
vt 0.8333333 0.3586242
vt 0.7916667 0.3586288
vt 1 0.3271925
vt 0.9583333 0.3271889
vt 0.9166667 0.3271843
vt 0.875 0.3271826
vt 0.8333333 0.3271843
vt 0.7916667 0.3271889
vt 1 0.2971949
vt 0.9583333 0.2971924
vt 0.9166667 0.2971892
vt 0.875 0.297188
vt 0.8333333 0.2971892
vt 0.7916667 0.2971924
vt 1 0.269
vt 0.9583333 0.269
vt 0.9166667 0.269
vt 0.875 0.269
vt 0.8333333 0.269
vt 0.7916667 0.269
vt 0 0.2415075
vt 0.04166667 0.2415167
vt 0.08333334 0.2415285
vt 0.125 0.241533
vt 0.1666667 0.2415285
vt 0.2083333 0.2415167
vt 0.25 0.2415075
vt 0 0.2154772
vt 0.04166667 0.2154885
vt 0.08333334 0.2155028
vt 0.125 0.2155082
vt 0.1666667 0.2155028
vt 0.2083333 0.2154885
vt 0.25 0.2154772
vt 0 0.1921104
vt 0.04166667 0.192119
vt 0.08333334 0.19213
vt 0.125 0.1921341
vt 0.1666667 0.19213
vt 0.2083333 0.192119
vt 0.25 0.1921104
vt 0 0.1726079
vt 0.04166667 0.172612
vt 0.08333334 0.1726172
vt 0.125 0.1726191
vt 0.1666667 0.1726172
vt 0.2083333 0.172612
vt 0.25 0.1726079
vt 0 0.1581707
vt 0.04166667 0.1581711
vt 0.08333334 0.1581715
vt 0.125 0.1581716
vt 0.1666667 0.1581715
vt 0.2083333 0.1581711
vt 0.25 0.1581707
vt 0 0.15
vt 0.04166667 0.15
vt 0.08333334 0.15
vt 0.125 0.15
vt 0.1666667 0.15
vt 0.2083333 0.15
vt 0.25 0.15
vt 0.2916667 0.2415167
vt 0.3333333 0.2415285
vt 0.375 0.241533
vt 0.4166667 0.2415285
vt 0.4583333 0.2415167
vt 0.5 0.2415075
vt 0.2916667 0.2154885
vt 0.3333333 0.2155028
vt 0.375 0.2155082
vt 0.4166667 0.2155028
vt 0.4583333 0.2154885
vt 0.5 0.2154772
vt 0.2916667 0.192119
vt 0.3333333 0.19213
vt 0.375 0.1921341
vt 0.4166667 0.19213
vt 0.4583333 0.192119
vt 0.5 0.1921104
vt 0.2916667 0.172612
vt 0.3333333 0.1726172
vt 0.375 0.1726191
vt 0.4166667 0.1726172
vt 0.4583333 0.172612
vt 0.5 0.1726079
vt 0.2916667 0.1581711
vt 0.3333333 0.1581715
vt 0.375 0.1581716
vt 0.4166667 0.1581715
vt 0.4583333 0.1581711
vt 0.5 0.1581707
vt 0.2916667 0.15
vt 0.3333333 0.15
vt 0.375 0.15
vt 0.4166667 0.15
vt 0.4583333 0.15
vt 0.5 0.15
vt 0.75 0.2415075
vt 0.7083334 0.2415167
vt 0.6666666 0.2415285
vt 0.625 0.241533
vt 0.5833333 0.2415285
vt 0.5416667 0.2415167
vt 0.75 0.2154772
vt 0.7083334 0.2154885
vt 0.6666666 0.2155028
vt 0.625 0.2155082
vt 0.5833333 0.2155028
vt 0.5416667 0.2154885
vt 0.75 0.1921104
vt 0.7083334 0.192119
vt 0.6666666 0.19213
vt 0.625 0.1921341
vt 0.5833333 0.19213
vt 0.5416667 0.192119
vt 0.75 0.1726079
vt 0.7083334 0.172612
vt 0.6666666 0.1726172
vt 0.625 0.1726191
vt 0.5833333 0.1726172
vt 0.5416667 0.172612
vt 0.75 0.1581707
vt 0.7083334 0.1581711
vt 0.6666666 0.1581715
vt 0.625 0.1581716
vt 0.5833333 0.1581715
vt 0.5416667 0.1581711
vt 0.75 0.15
vt 0.7083334 0.15
vt 0.6666666 0.15
vt 0.625 0.15
vt 0.5833333 0.15
vt 0.5416667 0.15
vt 1 0.2415075
vt 0.9583333 0.2415167
vt 0.9166667 0.2415285
vt 0.875 0.241533
vt 0.8333333 0.2415285
vt 0.7916667 0.2415167
vt 1 0.2154772
vt 0.9583333 0.2154885
vt 0.9166667 0.2155028
vt 0.875 0.2155082
vt 0.8333333 0.2155028
vt 0.7916667 0.2154885
vt 1 0.1921104
vt 0.9583333 0.192119
vt 0.9166667 0.19213
vt 0.875 0.1921341
vt 0.8333333 0.19213
vt 0.7916667 0.192119
vt 1 0.1726079
vt 0.9583333 0.172612
vt 0.9166667 0.1726172
vt 0.875 0.1726191
vt 0.8333333 0.1726172
vt 0.7916667 0.172612
vt 1 0.1581707
vt 0.9583333 0.1581711
vt 0.9166667 0.1581715
vt 0.875 0.1581716
vt 0.8333333 0.1581715
vt 0.7916667 0.1581711
vt 1 0.15
vt 0.9583333 0.15
vt 0.9166667 0.15
vt 0.875 0.15
vt 0.8333333 0.15
vt 0.7916667 0.15

f 2/2/2 8/8/8 1/1/1
f 8/8/8 2/2/2 9/9/9
f 3/3/3 9/9/9 2/2/2
f 9/9/9 3/3/3 10/10/10
f 4/4/4 10/10/10 3/3/3
f 10/10/10 4/4/4 11/11/11
f 5/5/5 11/11/11 4/4/4
f 11/11/11 5/5/5 12/12/12
f 6/6/6 12/12/12 5/5/5
f 12/12/12 6/6/6 13/13/13
f 7/7/7 13/13/13 6/6/6
f 13/13/13 7/7/7 14/14/14
f 9/9/9 15/15/15 8/8/8
f 15/15/15 9/9/9 16/16/16
f 10/10/10 16/16/16 9/9/9
f 16/16/16 10/10/10 17/17/17
f 11/11/11 17/17/17 10/10/10
f 17/17/17 11/11/11 18/18/18
f 12/12/12 18/18/18 11/11/11
f 18/18/18 12/12/12 19/19/19
f 13/13/13 19/19/19 12/12/12
f 19/19/19 13/13/13 20/20/20
f 14/14/14 20/20/20 13/13/13
f 20/20/20 14/14/14 21/21/21
f 16/16/16 22/22/22 15/15/15
f 22/22/22 16/16/16 23/23/23
f 17/17/17 23/23/23 16/16/16
f 23/23/23 17/17/17 24/24/24
f 18/18/18 24/24/24 17/17/17
f 24/24/24 18/18/18 25/25/25
f 19/19/19 25/25/25 18/18/18
f 25/25/25 19/19/19 26/26/26
f 20/20/20 26/26/26 19/19/19
f 26/26/26 20/20/20 27/27/27
f 21/21/21 27/27/27 20/20/20
f 27/27/27 21/21/21 28/28/28
f 23/23/23 29/29/29 22/22/22
f 29/29/29 23/23/23 30/30/30
f 24/24/24 30/30/30 23/23/23
f 30/30/30 24/24/24 31/31/31
f 25/25/25 31/31/31 24/24/24
f 31/31/31 25/25/25 32/32/32
f 26/26/26 32/32/32 25/25/25
f 32/32/32 26/26/26 33/33/33
f 27/27/27 33/33/33 26/26/26
f 33/33/33 27/27/27 34/34/34
f 28/28/28 34/34/34 27/27/27
f 34/34/34 28/28/28 35/35/35
f 30/30/30 36/36/36 29/29/29
f 36/36/36 30/30/30 37/37/37
f 31/31/31 37/37/37 30/30/30
f 37/37/37 31/31/31 38/38/38
f 32/32/32 38/38/38 31/31/31
f 38/38/38 32/32/32 39/39/39
f 33/33/33 39/39/39 32/32/32
f 39/39/39 33/33/33 40/40/40
f 34/34/34 40/40/40 33/33/33
f 40/40/40 34/34/34 41/41/41
f 35/35/35 41/41/41 34/34/34
f 41/41/41 35/35/35 42/42/42
f 37/37/37 43/43/43 36/36/36
f 43/43/43 37/37/37 44/44/44
f 38/38/38 44/44/44 37/37/37
f 44/44/44 38/38/38 45/45/45
f 39/39/39 45/45/45 38/38/38
f 45/45/45 39/39/39 46/46/46
f 40/40/40 46/46/46 39/39/39
f 46/46/46 40/40/40 47/47/47
f 41/41/41 47/47/47 40/40/40
f 47/47/47 41/41/41 48/48/48
f 42/42/42 48/48/48 41/41/41
f 48/48/48 42/42/42 49/49/49
f 8/8/8 50/50/50 1/1/1
f 50/50/50 8/8/8 55/56/55
f 55/56/55 51/51/51 50/50/50
f 51/51/51 55/56/55 56/57/56
f 56/57/56 52/52/52 51/51/51
f 52/52/52 56/57/56 57/58/57
f 57/58/57 53/53/53 52/52/52
f 53/53/53 57/58/57 58/59/58
f 58/59/58 54/54/54 53/53/53
f 54/54/54 58/59/58 59/60/59
f 59/60/59 7/55/7 54/54/54
f 7/55/7 59/60/59 14/61/14
f 15/15/15 55/56/55 8/8/8
f 55/56/55 15/15/15 60/62/60
f 60/62/60 56/57/56 55/56/55
f 56/57/56 60/62/60 61/63/61
f 61/63/61 57/58/57 56/57/56
f 57/58/57 61/63/61 62/64/62
f 62/64/62 58/59/58 57/58/57
f 58/59/58 62/64/62 63/65/63
f 63/65/63 59/60/59 58/59/58
f 59/60/59 63/65/63 64/66/64
f 64/66/64 14/61/14 59/60/59
f 14/61/14 64/66/64 21/67/21
f 22/22/22 60/62/60 15/15/15
f 60/62/60 22/22/22 65/68/65
f 65/68/65 61/63/61 60/62/60
f 61/63/61 65/68/65 66/69/66
f 66/69/66 62/64/62 61/63/61
f 62/64/62 66/69/66 67/70/67
f 67/70/67 63/65/63 62/64/62
f 63/65/63 67/70/67 68/71/68
f 68/71/68 64/66/64 63/65/63
f 64/66/64 68/71/68 69/72/69
f 69/72/69 21/67/21 64/66/64
f 21/67/21 69/72/69 28/73/28
f 29/29/29 65/68/65 22/22/22
f 65/68/65 29/29/29 70/74/70
f 70/74/70 66/69/66 65/68/65
f 66/69/66 70/74/70 71/75/71
f 71/75/71 67/70/67 66/69/66
f 67/70/67 71/75/71 72/76/72
f 72/76/72 68/71/68 67/70/67
f 68/71/68 72/76/72 73/77/73
f 73/77/73 69/72/69 68/71/68
f 69/72/69 73/77/73 74/78/74
f 74/78/74 28/73/28 69/72/69
f 28/73/28 74/78/74 35/79/35
f 36/36/36 70/74/70 29/29/29
f 70/74/70 36/36/36 75/80/75
f 75/80/75 71/75/71 70/74/70
f 71/75/71 75/80/75 76/81/76
f 76/81/76 72/76/72 71/75/71
f 72/76/72 76/81/76 77/82/77
f 77/82/77 73/77/73 72/76/72
f 73/77/73 77/82/77 78/83/78
f 78/83/78 74/78/74 73/77/73
f 74/78/74 78/83/78 79/84/79
f 79/84/79 35/79/35 74/78/74
f 35/79/35 79/84/79 42/85/42
f 43/43/43 75/80/75 36/36/36
f 75/80/75 43/43/43 80/86/80
f 80/86/80 76/81/76 75/80/75
f 76/81/76 80/86/80 81/87/81
f 81/87/81 77/82/77 76/81/76
f 77/82/77 81/87/81 82/88/82
f 82/88/82 78/83/78 77/82/77
f 78/83/78 82/88/82 83/89/83
f 83/89/83 79/84/79 78/83/78
f 79/84/79 83/89/83 84/90/84
f 84/90/84 42/85/42 79/84/79
f 42/85/42 84/90/84 49/91/49
f 44/44/44 85/92/85 43/43/43
f 85/92/85 44/44/44 86/93/86
f 45/45/45 86/93/86 44/44/44
f 86/93/86 45/45/45 87/94/87
f 46/46/46 87/94/87 45/45/45
f 87/94/87 46/46/46 88/95/88
f 47/47/47 88/95/88 46/46/46
f 88/95/88 47/47/47 89/96/89
f 48/48/48 89/96/89 47/47/47
f 89/96/89 48/48/48 90/97/90
f 49/49/49 90/97/90 48/48/48
f 90/97/90 49/49/49 91/98/91
f 86/93/86 92/99/92 85/92/85
f 92/99/92 86/93/86 93/100/93
f 87/94/87 93/100/93 86/93/86
f 93/100/93 87/94/87 94/101/94
f 88/95/88 94/101/94 87/94/87
f 94/101/94 88/95/88 95/102/95
f 89/96/89 95/102/95 88/95/88
f 95/102/95 89/96/89 96/103/96
f 90/97/90 96/103/96 89/96/89
f 96/103/96 90/97/90 97/104/97
f 91/98/91 97/104/97 90/97/90
f 97/104/97 91/98/91 98/105/98
f 93/100/93 99/106/99 92/99/92
f 99/106/99 93/100/93 100/107/100
f 94/101/94 100/107/100 93/100/93
f 100/107/100 94/101/94 101/108/101
f 95/102/95 101/108/101 94/101/94
f 101/108/101 95/102/95 102/109/102
f 96/103/96 102/109/102 95/102/95
f 102/109/102 96/103/96 103/110/103
f 97/104/97 103/110/103 96/103/96
f 103/110/103 97/104/97 104/111/104
f 98/105/98 104/111/104 97/104/97
f 104/111/104 98/105/98 105/112/105
f 100/107/100 106/113/106 99/106/99
f 106/113/106 100/107/100 107/114/107
f 101/108/101 107/114/107 100/107/100
f 107/114/107 101/108/101 108/115/108
f 102/109/102 108/115/108 101/108/101
f 108/115/108 102/109/102 109/116/109
f 103/110/103 109/116/109 102/109/102
f 109/116/109 103/110/103 110/117/110
f 104/111/104 110/117/110 103/110/103
f 110/117/110 104/111/104 111/118/111
f 105/112/105 111/118/111 104/111/104
f 111/118/111 105/112/105 112/119/112
f 107/114/107 113/120/113 106/113/106
f 113/120/113 107/114/107 114/121/114
f 108/115/108 114/121/114 107/114/107
f 114/121/114 108/115/108 115/122/115
f 109/116/109 115/122/115 108/115/108
f 115/122/115 109/116/109 116/123/116
f 110/117/110 116/123/116 109/116/109
f 116/123/116 110/117/110 117/124/117
f 111/118/111 117/124/117 110/117/110
f 117/124/117 111/118/111 118/125/118
f 112/119/112 118/125/118 111/118/111
f 118/125/118 112/119/112 119/126/119
f 114/121/114 120/127/120 113/120/113
f 120/127/120 114/121/114 121/128/121
f 115/122/115 121/128/121 114/121/114
f 121/128/121 115/122/115 122/129/122
f 116/123/116 122/129/122 115/122/115
f 122/129/122 116/123/116 123/130/123
f 117/124/117 123/130/123 116/123/116
f 123/130/123 117/124/117 124/131/124
f 118/125/118 124/131/124 117/124/117
f 124/131/124 118/125/118 125/132/125
f 119/126/119 125/132/125 118/125/118
f 125/132/125 119/126/119 126/133/126
f 85/92/85 80/86/80 43/43/43
f 80/86/80 85/92/85 127/134/127
f 127/134/127 81/87/81 80/86/80
f 81/87/81 127/134/127 128/135/128
f 128/135/128 82/88/82 81/87/81
f 82/88/82 128/135/128 129/136/129
f 129/136/129 83/89/83 82/88/82
f 83/89/83 129/136/129 130/137/130
f 130/137/130 84/90/84 83/89/83
f 84/90/84 130/137/130 131/138/131
f 131/138/131 49/91/49 84/90/84
f 49/91/49 131/138/131 91/139/91
f 92/99/92 127/134/127 85/92/85
f 127/134/127 92/99/92 132/140/132
f 132/140/132 128/135/128 127/134/127
f 128/135/128 132/140/132 133/141/133
f 133/141/133 129/136/129 128/135/128
f 129/136/129 133/141/133 134/142/134
f 134/142/134 130/137/130 129/136/129
f 130/137/130 134/142/134 135/143/135
f 135/143/135 131/138/131 130/137/130
f 131/138/131 135/143/135 136/144/136
f 136/144/136 91/139/91 131/138/131
f 91/139/91 136/144/136 98/145/98
f 99/106/99 132/140/132 92/99/92
f 132/140/132 99/106/99 137/146/137
f 137/146/137 133/141/133 132/140/132
f 133/141/133 137/146/137 138/147/138
f 138/147/138 134/142/134 133/141/133
f 134/142/134 138/147/138 139/148/139
f 139/148/139 135/143/135 134/142/134
f 135/143/135 139/148/139 140/149/140
f 140/149/140 136/144/136 135/143/135
f 136/144/136 140/149/140 141/150/141
f 141/150/141 98/145/98 136/144/136
f 98/145/98 141/150/141 105/151/105
f 106/113/106 137/146/137 99/106/99
f 137/146/137 106/113/106 142/152/142
f 142/152/142 138/147/138 137/146/137
f 138/147/138 142/152/142 143/153/143
f 143/153/143 139/148/139 138/147/138
f 139/148/139 143/153/143 144/154/144
f 144/154/144 140/149/140 139/148/139
f 140/149/140 144/154/144 145/155/145
f 145/155/145 141/150/141 140/149/140
f 141/150/141 145/155/145 146/156/146
f 146/156/146 105/151/105 141/150/141
f 105/151/105 146/156/146 112/157/112
f 113/120/113 142/152/142 106/113/106
f 142/152/142 113/120/113 147/158/147
f 147/158/147 143/153/143 142/152/142
f 143/153/143 147/158/147 148/159/148
f 148/159/148 144/154/144 143/153/143
f 144/154/144 148/159/148 149/160/149
f 149/160/149 145/155/145 144/154/144
f 145/155/145 149/160/149 150/161/150
f 150/161/150 146/156/146 145/155/145
f 146/156/146 150/161/150 151/162/151
f 151/162/151 112/157/112 146/156/146
f 112/157/112 151/162/151 119/163/119
f 120/127/120 147/158/147 113/120/113
f 147/158/147 120/127/120 152/164/152
f 152/164/152 148/159/148 147/158/147
f 148/159/148 152/164/152 153/165/153
f 153/165/153 149/160/149 148/159/148
f 149/160/149 153/165/153 154/166/154
f 154/166/154 150/161/150 149/160/149
f 150/161/150 154/166/154 155/167/155
f 155/167/155 151/162/151 150/161/150
f 151/162/151 155/167/155 156/168/156
f 156/168/156 119/163/119 151/162/151
f 119/163/119 156/168/156 126/169/126
f 158/171/158 164/177/164 157/170/157
f 164/177/164 158/171/158 165/178/165
f 159/172/159 165/178/165 158/171/158
f 165/178/165 159/172/159 166/179/166
f 160/173/160 166/179/166 159/172/159
f 166/179/166 160/173/160 167/180/167
f 161/174/161 167/180/167 160/173/160
f 167/180/167 161/174/161 168/181/168
f 162/175/162 168/181/168 161/174/161
f 168/181/168 162/175/162 169/182/169
f 163/176/163 169/182/169 162/175/162
f 169/182/169 163/176/163 170/183/170
f 165/178/165 171/184/171 164/177/164
f 171/184/171 165/178/165 172/185/172
f 166/179/166 172/185/172 165/178/165
f 172/185/172 166/179/166 173/186/173
f 167/180/167 173/186/173 166/179/166
f 173/186/173 167/180/167 174/187/174
f 168/181/168 174/187/174 167/180/167
f 174/187/174 168/181/168 175/188/175
f 169/182/169 175/188/175 168/181/168
f 175/188/175 169/182/169 176/189/176
f 170/183/170 176/189/176 169/182/169
f 176/189/176 170/183/170 177/190/177
f 172/185/172 178/191/178 171/184/171
f 178/191/178 172/185/172 179/192/179
f 173/186/173 179/192/179 172/185/172
f 179/192/179 173/186/173 180/193/180
f 174/187/174 180/193/180 173/186/173
f 180/193/180 174/187/174 181/194/181
f 175/188/175 181/194/181 174/187/174
f 181/194/181 175/188/175 182/195/182
f 176/189/176 182/195/182 175/188/175
f 182/195/182 176/189/176 183/196/183
f 177/190/177 183/196/183 176/189/176
f 183/196/183 177/190/177 184/197/184
f 179/192/179 185/198/185 178/191/178
f 185/198/185 179/192/179 186/199/186
f 180/193/180 186/199/186 179/192/179
f 186/199/186 180/193/180 187/200/187
f 181/194/181 187/200/187 180/193/180
f 187/200/187 181/194/181 188/201/188
f 182/195/182 188/201/188 181/194/181
f 188/201/188 182/195/182 189/202/189
f 183/196/183 189/202/189 182/195/182
f 189/202/189 183/196/183 190/203/190
f 184/197/184 190/203/190 183/196/183
f 190/203/190 184/197/184 191/204/191
f 186/199/186 192/205/192 185/198/185
f 192/205/192 186/199/186 193/206/193
f 187/200/187 193/206/193 186/199/186
f 193/206/193 187/200/187 194/207/194
f 188/201/188 194/207/194 187/200/187
f 194/207/194 188/201/188 195/208/195
f 189/202/189 195/208/195 188/201/188
f 195/208/195 189/202/189 196/209/196
f 190/203/190 196/209/196 189/202/189
f 196/209/196 190/203/190 197/210/197
f 191/204/191 197/210/197 190/203/190
f 197/210/197 191/204/191 198/211/198
f 193/206/193 199/212/199 192/205/192
f 199/212/199 193/206/193 200/213/200
f 194/207/194 200/213/200 193/206/193
f 200/213/200 194/207/194 201/214/201
f 195/208/195 201/214/201 194/207/194
f 201/214/201 195/208/195 202/215/202
f 196/209/196 202/215/202 195/208/195
f 202/215/202 196/209/196 203/216/203
f 197/210/197 203/216/203 196/209/196
f 203/216/203 197/210/197 204/217/204
f 198/211/198 204/217/204 197/210/197
f 204/217/204 198/211/198 205/218/205
f 164/225/164 206/220/206 157/219/157
f 206/220/206 164/225/164 211/226/211
f 211/226/211 207/221/207 206/220/206
f 207/221/207 211/226/211 212/227/212
f 212/227/212 208/222/208 207/221/207
f 208/222/208 212/227/212 213/228/213
f 213/228/213 209/223/209 208/222/208
f 209/223/209 213/228/213 214/229/214
f 214/229/214 210/224/210 209/223/209
f 210/224/210 214/229/214 215/230/215
f 215/230/215 163/176/163 210/224/210
f 163/176/163 215/230/215 170/183/170
f 171/231/171 211/226/211 164/225/164
f 211/226/211 171/231/171 216/232/216
f 216/232/216 212/227/212 211/226/211
f 212/227/212 216/232/216 217/233/217
f 217/233/217 213/228/213 212/227/212
f 213/228/213 217/233/217 218/234/218
f 218/234/218 214/229/214 213/228/213
f 214/229/214 218/234/218 219/235/219
f 219/235/219 215/230/215 214/229/214
f 215/230/215 219/235/219 220/236/220
f 220/236/220 170/183/170 215/230/215
f 170/183/170 220/236/220 177/190/177
f 178/237/178 216/232/216 171/231/171
f 216/232/216 178/237/178 221/238/221
f 221/238/221 217/233/217 216/232/216
f 217/233/217 221/238/221 222/239/222
f 222/239/222 218/234/218 217/233/217
f 218/234/218 222/239/222 223/240/223
f 223/240/223 219/235/219 218/234/218
f 219/235/219 223/240/223 224/241/224
f 224/241/224 220/236/220 219/235/219
f 220/236/220 224/241/224 225/242/225
f 225/242/225 177/190/177 220/236/220
f 177/190/177 225/242/225 184/197/184
f 185/243/185 221/238/221 178/237/178
f 221/238/221 185/243/185 226/244/226
f 226/244/226 222/239/222 221/238/221
f 222/239/222 226/244/226 227/245/227
f 227/245/227 223/240/223 222/239/222
f 223/240/223 227/245/227 228/246/228
f 228/246/228 224/241/224 223/240/223
f 224/241/224 228/246/228 229/247/229
f 229/247/229 225/242/225 224/241/224
f 225/242/225 229/247/229 230/248/230
f 230/248/230 184/197/184 225/242/225
f 184/197/184 230/248/230 191/204/191
f 192/249/192 226/244/226 185/243/185
f 226/244/226 192/249/192 231/250/231
f 231/250/231 227/245/227 226/244/226
f 227/245/227 231/250/231 232/251/232
f 232/251/232 228/246/228 227/245/227
f 228/246/228 232/251/232 233/252/233
f 233/252/233 229/247/229 228/246/228
f 229/247/229 233/252/233 234/253/234
f 234/253/234 230/248/230 229/247/229
f 230/248/230 234/253/234 235/254/235
f 235/254/235 191/204/191 230/248/230
f 191/204/191 235/254/235 198/211/198
f 199/255/199 231/250/231 192/249/192
f 231/250/231 199/255/199 236/256/236
f 236/256/236 232/251/232 231/250/231
f 232/251/232 236/256/236 237/257/237
f 237/257/237 233/252/233 232/251/232
f 233/252/233 237/257/237 238/258/238
f 238/258/238 234/253/234 233/252/233
f 234/253/234 238/258/238 239/259/239
f 239/259/239 235/254/235 234/253/234
f 235/254/235 239/259/239 240/260/240
f 240/260/240 198/211/198 235/254/235
f 198/211/198 240/260/240 205/218/205
f 200/213/200 241/261/241 199/212/199
f 241/261/241 200/213/200 242/262/242
f 201/214/201 242/262/242 200/213/200
f 242/262/242 201/214/201 243/263/243
f 202/215/202 243/263/243 201/214/201
f 243/263/243 202/215/202 244/264/244
f 203/216/203 244/264/244 202/215/202
f 244/264/244 203/216/203 245/265/245
f 204/217/204 245/265/245 203/216/203
f 245/265/245 204/217/204 246/266/246
f 205/218/205 246/266/246 204/217/204
f 246/266/246 205/218/205 247/267/247
f 242/262/242 248/268/248 241/261/241
f 248/268/248 242/262/242 249/269/249
f 243/263/243 249/269/249 242/262/242
f 249/269/249 243/263/243 250/270/250
f 244/264/244 250/270/250 243/263/243
f 250/270/250 244/264/244 251/271/251
f 245/265/245 251/271/251 244/264/244
f 251/271/251 245/265/245 252/272/252
f 246/266/246 252/272/252 245/265/245
f 252/272/252 246/266/246 253/273/253
f 247/267/247 253/273/253 246/266/246
f 253/273/253 247/267/247 254/274/254
f 249/269/249 255/275/255 248/268/248
f 255/275/255 249/269/249 256/276/256
f 250/270/250 256/276/256 249/269/249
f 256/276/256 250/270/250 257/277/257
f 251/271/251 257/277/257 250/270/250
f 257/277/257 251/271/251 258/278/258
f 252/272/252 258/278/258 251/271/251
f 258/278/258 252/272/252 259/279/259
f 253/273/253 259/279/259 252/272/252
f 259/279/259 253/273/253 260/280/260
f 254/274/254 260/280/260 253/273/253
f 260/280/260 254/274/254 261/281/261
f 256/276/256 262/282/262 255/275/255
f 262/282/262 256/276/256 263/283/263
f 257/277/257 263/283/263 256/276/256
f 263/283/263 257/277/257 264/284/264
f 258/278/258 264/284/264 257/277/257
f 264/284/264 258/278/258 265/285/265
f 259/279/259 265/285/265 258/278/258
f 265/285/265 259/279/259 266/286/266
f 260/280/260 266/286/266 259/279/259
f 266/286/266 260/280/260 267/287/267
f 261/281/261 267/287/267 260/280/260
f 267/287/267 261/281/261 268/288/268
f 263/283/263 269/289/269 262/282/262
f 269/289/269 263/283/263 270/290/270
f 264/284/264 270/290/270 263/283/263
f 270/290/270 264/284/264 271/291/271
f 265/285/265 271/291/271 264/284/264
f 271/291/271 265/285/265 272/292/272
f 266/286/266 272/292/272 265/285/265
f 272/292/272 266/286/266 273/293/273
f 267/287/267 273/293/273 266/286/266
f 273/293/273 267/287/267 274/294/274
f 268/288/268 274/294/274 267/287/267
f 274/294/274 268/288/268 275/295/275
f 270/290/270 276/296/276 269/289/269
f 276/296/276 270/290/270 277/297/277
f 271/291/271 277/297/277 270/290/270
f 277/297/277 271/291/271 278/298/278
f 272/292/272 278/298/278 271/291/271
f 278/298/278 272/292/272 279/299/279
f 273/293/273 279/299/279 272/292/272
f 279/299/279 273/293/273 280/300/280
f 274/294/274 280/300/280 273/293/273
f 280/300/280 274/294/274 281/301/281
f 275/295/275 281/301/281 274/294/274
f 281/301/281 275/295/275 282/302/282
f 241/303/241 236/256/236 199/255/199
f 236/256/236 241/303/241 283/304/283
f 283/304/283 237/257/237 236/256/236
f 237/257/237 283/304/283 284/305/284
f 284/305/284 238/258/238 237/257/237
f 238/258/238 284/305/284 285/306/285
f 285/306/285 239/259/239 238/258/238
f 239/259/239 285/306/285 286/307/286
f 286/307/286 240/260/240 239/259/239
f 240/260/240 286/307/286 287/308/287
f 287/308/287 205/218/205 240/260/240
f 205/218/205 287/308/287 247/267/247
f 248/309/248 283/304/283 241/303/241
f 283/304/283 248/309/248 288/310/288
f 288/310/288 284/305/284 283/304/283
f 284/305/284 288/310/288 289/311/289
f 289/311/289 285/306/285 284/305/284
f 285/306/285 289/311/289 290/312/290
f 290/312/290 286/307/286 285/306/285
f 286/307/286 290/312/290 291/313/291
f 291/313/291 287/308/287 286/307/286
f 287/308/287 291/313/291 292/314/292
f 292/314/292 247/267/247 287/308/287
f 247/267/247 292/314/292 254/274/254
f 255/315/255 288/310/288 248/309/248
f 288/310/288 255/315/255 293/316/293
f 293/316/293 289/311/289 288/310/288
f 289/311/289 293/316/293 294/317/294
f 294/317/294 290/312/290 289/311/289
f 290/312/290 294/317/294 295/318/295
f 295/318/295 291/313/291 290/312/290
f 291/313/291 295/318/295 296/319/296
f 296/319/296 292/314/292 291/313/291
f 292/314/292 296/319/296 297/320/297
f 297/320/297 254/274/254 292/314/292
f 254/274/254 297/320/297 261/281/261
f 262/321/262 293/316/293 255/315/255
f 293/316/293 262/321/262 298/322/298
f 298/322/298 294/317/294 293/316/293
f 294/317/294 298/322/298 299/323/299
f 299/323/299 295/318/295 294/317/294
f 295/318/295 299/323/299 300/324/300
f 300/324/300 296/319/296 295/318/295
f 296/319/296 300/324/300 301/325/301
f 301/325/301 297/320/297 296/319/296
f 297/320/297 301/325/301 302/326/302
f 302/326/302 261/281/261 297/320/297
f 261/281/261 302/326/302 268/288/268
f 269/327/269 298/322/298 262/321/262
f 298/322/298 269/327/269 303/328/303
f 303/328/303 299/323/299 298/322/298
f 299/323/299 303/328/303 304/329/304
f 304/329/304 300/324/300 299/323/299
f 300/324/300 304/329/304 305/330/305
f 305/330/305 301/325/301 300/324/300
f 301/325/301 305/330/305 306/331/306
f 306/331/306 302/326/302 301/325/301
f 302/326/302 306/331/306 307/332/307
f 307/332/307 268/288/268 302/326/302
f 268/288/268 307/332/307 275/295/275
f 276/333/276 303/328/303 269/327/269
f 303/328/303 276/333/276 308/334/308
f 308/334/308 304/329/304 303/328/303
f 304/329/304 308/334/308 309/335/309
f 309/335/309 305/330/305 304/329/304
f 305/330/305 309/335/309 310/336/310
f 310/336/310 306/331/306 305/330/305
f 306/331/306 310/336/310 311/337/311
f 311/337/311 307/332/307 306/331/306
f 307/332/307 311/337/311 312/338/312
f 312/338/312 275/295/275 307/332/307
f 275/295/275 312/338/312 282/302/282
f 313/339/313 315/341/315 314/340/314
f 313/339/313 316/342/316 315/341/315
f 313/339/313 317/343/317 316/342/316
f 313/339/313 318/344/318 317/343/317
f 313/339/313 319/345/319 318/344/318
f 313/339/313 320/346/320 319/345/319
f 315/341/315 321/347/321 314/340/314
f 321/347/321 315/341/315 322/348/322
f 316/342/316 322/348/322 315/341/315
f 322/348/322 316/342/316 323/349/323
f 317/343/317 323/349/323 316/342/316
f 323/349/323 317/343/317 324/350/324
f 318/344/318 324/350/324 317/343/317
f 324/350/324 318/344/318 325/351/325
f 319/345/319 325/351/325 318/344/318
f 325/351/325 319/345/319 326/352/326
f 320/346/320 326/352/326 319/345/319
f 326/352/326 320/346/320 327/353/327
f 322/348/322 328/354/328 321/347/321
f 328/354/328 322/348/322 329/355/329
f 323/349/323 329/355/329 322/348/322
f 329/355/329 323/349/323 330/356/330
f 324/350/324 330/356/330 323/349/323
f 330/356/330 324/350/324 331/357/331
f 325/351/325 331/357/331 324/350/324
f 331/357/331 325/351/325 332/358/332
f 326/352/326 332/358/332 325/351/325
f 332/358/332 326/352/326 333/359/333
f 327/353/327 333/359/333 326/352/326
f 333/359/333 327/353/327 334/360/334
f 329/355/329 335/361/335 328/354/328
f 335/361/335 329/355/329 336/362/336
f 330/356/330 336/362/336 329/355/329
f 336/362/336 330/356/330 337/363/337
f 331/357/331 337/363/337 330/356/330
f 337/363/337 331/357/331 338/364/338
f 332/358/332 338/364/338 331/357/331
f 338/364/338 332/358/332 339/365/339
f 333/359/333 339/365/339 332/358/332
f 339/365/339 333/359/333 340/366/340
f 334/360/334 340/366/340 333/359/333
f 340/366/340 334/360/334 341/367/341
f 336/362/336 342/368/342 335/361/335
f 342/368/342 336/362/336 343/369/343
f 337/363/337 343/369/343 336/362/336
f 343/369/343 337/363/337 344/370/344
f 338/364/338 344/370/344 337/363/337
f 344/370/344 338/364/338 345/371/345
f 339/365/339 345/371/345 338/364/338
f 345/371/345 339/365/339 346/372/346
f 340/366/340 346/372/346 339/365/339
f 346/372/346 340/366/340 347/373/347
f 341/367/341 347/373/347 340/366/340
f 347/373/347 341/367/341 348/374/348
f 343/369/343 349/375/349 342/368/342
f 349/375/349 343/369/343 350/376/350
f 344/370/344 350/376/350 343/369/343
f 350/376/350 344/370/344 351/377/351
f 345/371/345 351/377/351 344/370/344
f 351/377/351 345/371/345 352/378/352
f 346/372/346 352/378/352 345/371/345
f 352/378/352 346/372/346 353/379/353
f 347/373/347 353/379/353 346/372/346
f 353/379/353 347/373/347 354/380/354
f 348/374/348 354/380/354 347/373/347
f 354/380/354 348/374/348 355/381/355
f 313/339/313 356/382/356 320/346/320
f 313/339/313 357/383/357 356/382/356
f 313/339/313 358/384/358 357/383/357
f 313/339/313 359/385/359 358/384/358
f 313/339/313 360/386/360 359/385/359
f 313/339/313 361/387/361 360/386/360
f 356/382/356 327/353/327 320/346/320
f 327/353/327 356/382/356 362/388/362
f 357/383/357 362/388/362 356/382/356
f 362/388/362 357/383/357 363/389/363
f 358/384/358 363/389/363 357/383/357
f 363/389/363 358/384/358 364/390/364
f 359/385/359 364/390/364 358/384/358
f 364/390/364 359/385/359 365/391/365
f 360/386/360 365/391/365 359/385/359
f 365/391/365 360/386/360 366/392/366
f 361/387/361 366/392/366 360/386/360
f 366/392/366 361/387/361 367/393/367
f 362/388/362 334/360/334 327/353/327
f 334/360/334 362/388/362 368/394/368
f 363/389/363 368/394/368 362/388/362
f 368/394/368 363/389/363 369/395/369
f 364/390/364 369/395/369 363/389/363
f 369/395/369 364/390/364 370/396/370
f 365/391/365 370/396/370 364/390/364
f 370/396/370 365/391/365 371/397/371
f 366/392/366 371/397/371 365/391/365
f 371/397/371 366/392/366 372/398/372
f 367/393/367 372/398/372 366/392/366
f 372/398/372 367/393/367 373/399/373
f 368/394/368 341/367/341 334/360/334
f 341/367/341 368/394/368 374/400/374
f 369/395/369 374/400/374 368/394/368
f 374/400/374 369/395/369 375/401/375
f 370/396/370 375/401/375 369/395/369
f 375/401/375 370/396/370 376/402/376
f 371/397/371 376/402/376 370/396/370
f 376/402/376 371/397/371 377/403/377
f 372/398/372 377/403/377 371/397/371
f 377/403/377 372/398/372 378/404/378
f 373/399/373 378/404/378 372/398/372
f 378/404/378 373/399/373 379/405/379
f 374/400/374 348/374/348 341/367/341
f 348/374/348 374/400/374 380/406/380
f 375/401/375 380/406/380 374/400/374
f 380/406/380 375/401/375 381/407/381
f 376/402/376 381/407/381 375/401/375
f 381/407/381 376/402/376 382/408/382
f 377/403/377 382/408/382 376/402/376
f 382/408/382 377/403/377 383/409/383
f 378/404/378 383/409/383 377/403/377
f 383/409/383 378/404/378 384/410/384
f 379/405/379 384/410/384 378/404/378
f 384/410/384 379/405/379 385/411/385
f 380/406/380 355/381/355 348/374/348
f 355/381/355 380/406/380 386/412/386
f 381/407/381 386/412/386 380/406/380
f 386/412/386 381/407/381 387/413/387
f 382/408/382 387/413/387 381/407/381
f 387/413/387 382/408/382 388/414/388
f 383/409/383 388/414/388 382/408/382
f 388/414/388 383/409/383 389/415/389
f 384/410/384 389/415/389 383/409/383
f 389/415/389 384/410/384 390/416/390
f 385/411/385 390/416/390 384/410/384
f 390/416/390 385/411/385 391/417/391
f 392/418/392 393/419/393 313/339/313
f 393/419/393 394/420/394 313/339/313
f 394/420/394 395/421/395 313/339/313
f 395/421/395 396/422/396 313/339/313
f 396/422/396 397/423/397 313/339/313
f 397/423/397 361/387/361 313/339/313
f 398/424/398 393/419/393 392/418/392
f 393/419/393 398/424/398 399/425/399
f 399/425/399 394/420/394 393/419/393
f 394/420/394 399/425/399 400/426/400
f 400/426/400 395/421/395 394/420/394
f 395/421/395 400/426/400 401/427/401
f 401/427/401 396/422/396 395/421/395
f 396/422/396 401/427/401 402/428/402
f 402/428/402 397/423/397 396/422/396
f 397/423/397 402/428/402 403/429/403
f 403/429/403 361/387/361 397/423/397
f 361/387/361 403/429/403 367/393/367
f 404/430/404 399/425/399 398/424/398
f 399/425/399 404/430/404 405/431/405
f 405/431/405 400/426/400 399/425/399
f 400/426/400 405/431/405 406/432/406
f 406/432/406 401/427/401 400/426/400
f 401/427/401 406/432/406 407/433/407
f 407/433/407 402/428/402 401/427/401
f 402/428/402 407/433/407 408/434/408
f 408/434/408 403/429/403 402/428/402
f 403/429/403 408/434/408 409/435/409
f 409/435/409 367/393/367 403/429/403
f 367/393/367 409/435/409 373/399/373
f 410/436/410 405/431/405 404/430/404
f 405/431/405 410/436/410 411/437/411
f 411/437/411 406/432/406 405/431/405
f 406/432/406 411/437/411 412/438/412
f 412/438/412 407/433/407 406/432/406
f 407/433/407 412/438/412 413/439/413
f 413/439/413 408/434/408 407/433/407
f 408/434/408 413/439/413 414/440/414
f 414/440/414 409/435/409 408/434/408
f 409/435/409 414/440/414 415/441/415
f 415/441/415 373/399/373 409/435/409
f 373/399/373 415/441/415 379/405/379
f 416/442/416 411/437/411 410/436/410
f 411/437/411 416/442/416 417/443/417
f 417/443/417 412/438/412 411/437/411
f 412/438/412 417/443/417 418/444/418
f 418/444/418 413/439/413 412/438/412
f 413/439/413 418/444/418 419/445/419
f 419/445/419 414/440/414 413/439/413
f 414/440/414 419/445/419 420/446/420
f 420/446/420 415/441/415 414/440/414
f 415/441/415 420/446/420 421/447/421
f 421/447/421 379/405/379 415/441/415
f 379/405/379 421/447/421 385/411/385
f 422/448/422 417/443/417 416/442/416
f 417/443/417 422/448/422 423/449/423
f 423/449/423 418/444/418 417/443/417
f 418/444/418 423/449/423 424/450/424
f 424/450/424 419/445/419 418/444/418
f 419/445/419 424/450/424 425/451/425
f 425/451/425 420/446/420 419/445/419
f 420/446/420 425/451/425 426/452/426
f 426/452/426 421/447/421 420/446/420
f 421/447/421 426/452/426 427/453/427
f 427/453/427 385/411/385 421/447/421
f 385/411/385 427/453/427 391/417/391
f 314/340/314 428/454/428 313/339/313
f 428/454/428 429/455/429 313/339/313
f 429/455/429 430/456/430 313/339/313
f 430/456/430 431/457/431 313/339/313
f 431/457/431 432/458/432 313/339/313
f 432/458/432 392/418/392 313/339/313
f 321/347/321 428/454/428 314/340/314
f 428/454/428 321/347/321 433/459/433
f 433/459/433 429/455/429 428/454/428
f 429/455/429 433/459/433 434/460/434
f 434/460/434 430/456/430 429/455/429
f 430/456/430 434/460/434 435/461/435
f 435/461/435 431/457/431 430/456/430
f 431/457/431 435/461/435 436/462/436
f 436/462/436 432/458/432 431/457/431
f 432/458/432 436/462/436 437/463/437
f 437/463/437 392/418/392 432/458/432
f 392/418/392 437/463/437 398/424/398
f 328/354/328 433/459/433 321/347/321
f 433/459/433 328/354/328 438/464/438
f 438/464/438 434/460/434 433/459/433
f 434/460/434 438/464/438 439/465/439
f 439/465/439 435/461/435 434/460/434
f 435/461/435 439/465/439 440/466/440
f 440/466/440 436/462/436 435/461/435
f 436/462/436 440/466/440 441/467/441
f 441/467/441 437/463/437 436/462/436
f 437/463/437 441/467/441 442/468/442
f 442/468/442 398/424/398 437/463/437
f 398/424/398 442/468/442 404/430/404
f 335/361/335 438/464/438 328/354/328
f 438/464/438 335/361/335 443/469/443
f 443/469/443 439/465/439 438/464/438
f 439/465/439 443/469/443 444/470/444
f 444/470/444 440/466/440 439/465/439
f 440/466/440 444/470/444 445/471/445
f 445/471/445 441/467/441 440/466/440
f 441/467/441 445/471/445 446/472/446
f 446/472/446 442/468/442 441/467/441
f 442/468/442 446/472/446 447/473/447
f 447/473/447 404/430/404 442/468/442
f 404/430/404 447/473/447 410/436/410
f 342/368/342 443/469/443 335/361/335
f 443/469/443 342/368/342 448/474/448
f 448/474/448 444/470/444 443/469/443
f 444/470/444 448/474/448 449/475/449
f 449/475/449 445/471/445 444/470/444
f 445/471/445 449/475/449 450/476/450
f 450/476/450 446/472/446 445/471/445
f 446/472/446 450/476/450 451/477/451
f 451/477/451 447/473/447 446/472/446
f 447/473/447 451/477/451 452/478/452
f 452/478/452 410/436/410 447/473/447
f 410/436/410 452/478/452 416/442/416
f 349/375/349 448/474/448 342/368/342
f 448/474/448 349/375/349 453/479/453
f 453/479/453 449/475/449 448/474/448
f 449/475/449 453/479/453 454/480/454
f 454/480/454 450/476/450 449/475/449
f 450/476/450 454/480/454 455/481/455
f 455/481/455 451/477/451 450/476/450
f 451/477/451 455/481/455 456/482/456
f 456/482/456 452/478/452 451/477/451
f 452/478/452 456/482/456 457/483/457
f 457/483/457 416/442/416 452/478/452
f 416/442/416 457/483/457 422/448/422
f 350/485/350 458/491/458 349/484/349
f 458/491/458 350/485/350 459/492/459
f 351/486/351 459/492/459 350/485/350
f 459/492/459 351/486/351 460/493/460
f 352/487/352 460/493/460 351/486/351
f 460/493/460 352/487/352 461/494/461
f 353/488/353 461/494/461 352/487/352
f 461/494/461 353/488/353 462/495/462
f 354/489/354 462/495/462 353/488/353
f 462/495/462 354/489/354 463/496/463
f 355/490/355 463/496/463 354/489/354
f 463/496/463 355/490/355 464/497/464
f 459/492/459 465/498/465 458/491/458
f 465/498/465 459/492/459 466/499/466
f 460/493/460 466/499/466 459/492/459
f 466/499/466 460/493/460 467/500/467
f 461/494/461 467/500/467 460/493/460
f 467/500/467 461/494/461 468/501/468
f 462/495/462 468/501/468 461/494/461
f 468/501/468 462/495/462 469/502/469
f 463/496/463 469/502/469 462/495/462
f 469/502/469 463/496/463 470/503/470
f 464/497/464 470/503/470 463/496/463
f 470/503/470 464/497/464 471/504/471
f 466/499/466 472/505/472 465/498/465
f 472/505/472 466/499/466 473/506/473
f 467/500/467 473/506/473 466/499/466
f 473/506/473 467/500/467 474/507/474
f 468/501/468 474/507/474 467/500/467
f 474/507/474 468/501/468 475/508/475
f 469/502/469 475/508/475 468/501/468
f 475/508/475 469/502/469 476/509/476
f 470/503/470 476/509/476 469/502/469
f 476/509/476 470/503/470 477/510/477
f 471/504/471 477/510/477 470/503/470
f 477/510/477 471/504/471 478/511/478
f 473/506/473 479/512/479 472/505/472
f 479/512/479 473/506/473 480/513/480
f 474/507/474 480/513/480 473/506/473
f 480/513/480 474/507/474 481/514/481
f 475/508/475 481/514/481 474/507/474
f 481/514/481 475/508/475 482/515/482
f 476/509/476 482/515/482 475/508/475
f 482/515/482 476/509/476 483/516/483
f 477/510/477 483/516/483 476/509/476
f 483/516/483 477/510/477 484/517/484
f 478/511/478 484/517/484 477/510/477
f 484/517/484 478/511/478 485/518/485
f 480/513/480 486/519/486 479/512/479
f 486/519/486 480/513/480 487/520/487
f 481/514/481 487/520/487 480/513/480
f 487/520/487 481/514/481 488/521/488
f 482/515/482 488/521/488 481/514/481
f 488/521/488 482/515/482 489/522/489
f 483/516/483 489/522/489 482/515/482
f 489/522/489 483/516/483 490/523/490
f 484/517/484 490/523/490 483/516/483
f 490/523/490 484/517/484 491/524/491
f 485/518/485 491/524/491 484/517/484
f 491/524/491 485/518/485 492/525/492
f 487/520/487 493/526/493 486/519/486
f 493/526/493 487/520/487 494/527/494
f 488/521/488 494/527/494 487/520/487
f 494/527/494 488/521/488 495/528/495
f 489/522/489 495/528/495 488/521/488
f 495/528/495 489/522/489 496/529/496
f 490/523/490 496/529/496 489/522/489
f 496/529/496 490/523/490 497/530/497
f 491/524/491 497/530/497 490/523/490
f 497/530/497 491/524/491 498/531/498
f 492/525/492 498/531/498 491/524/491
f 498/531/498 492/525/492 499/532/499
f 386/533/386 464/497/464 355/490/355
f 464/497/464 386/533/386 500/539/500
f 387/534/387 500/539/500 386/533/386
f 500/539/500 387/534/387 501/540/501
f 388/535/388 501/540/501 387/534/387
f 501/540/501 388/535/388 502/541/502
f 389/536/389 502/541/502 388/535/388
f 502/541/502 389/536/389 503/542/503
f 390/537/390 503/542/503 389/536/389
f 503/542/503 390/537/390 504/543/504
f 391/538/391 504/543/504 390/537/390
f 504/543/504 391/538/391 505/544/505
f 500/539/500 471/504/471 464/497/464
f 471/504/471 500/539/500 506/545/506
f 501/540/501 506/545/506 500/539/500
f 506/545/506 501/540/501 507/546/507
f 502/541/502 507/546/507 501/540/501
f 507/546/507 502/541/502 508/547/508
f 503/542/503 508/547/508 502/541/502
f 508/547/508 503/542/503 509/548/509
f 504/543/504 509/548/509 503/542/503
f 509/548/509 504/543/504 510/549/510
f 505/544/505 510/549/510 504/543/504
f 510/549/510 505/544/505 511/550/511
f 506/545/506 478/511/478 471/504/471
f 478/511/478 506/545/506 512/551/512
f 507/546/507 512/551/512 506/545/506
f 512/551/512 507/546/507 513/552/513
f 508/547/508 513/552/513 507/546/507
f 513/552/513 508/547/508 514/553/514
f 509/548/509 514/553/514 508/547/508
f 514/553/514 509/548/509 515/554/515
f 510/549/510 515/554/515 509/548/509
f 515/554/515 510/549/510 516/555/516
f 511/550/511 516/555/516 510/549/510
f 516/555/516 511/550/511 517/556/517
f 512/551/512 485/518/485 478/511/478
f 485/518/485 512/551/512 518/557/518
f 513/552/513 518/557/518 512/551/512
f 518/557/518 513/552/513 519/558/519
f 514/553/514 519/558/519 513/552/513
f 519/558/519 514/553/514 520/559/520
f 515/554/515 520/559/520 514/553/514
f 520/559/520 515/554/515 521/560/521
f 516/555/516 521/560/521 515/554/515
f 521/560/521 516/555/516 522/561/522
f 517/556/517 522/561/522 516/555/516
f 522/561/522 517/556/517 523/562/523
f 518/557/518 492/525/492 485/518/485
f 492/525/492 518/557/518 524/563/524
f 519/558/519 524/563/524 518/557/518
f 524/563/524 519/558/519 525/564/525
f 520/559/520 525/564/525 519/558/519
f 525/564/525 520/559/520 526/565/526
f 521/560/521 526/565/526 520/559/520
f 526/565/526 521/560/521 527/566/527
f 522/561/522 527/566/527 521/560/521
f 527/566/527 522/561/522 528/567/528
f 523/562/523 528/567/528 522/561/522
f 528/567/528 523/562/523 529/568/529
f 524/563/524 499/532/499 492/525/492
f 499/532/499 524/563/524 530/569/530
f 525/564/525 530/569/530 524/563/524
f 530/569/530 525/564/525 531/570/531
f 526/565/526 531/570/531 525/564/525
f 531/570/531 526/565/526 532/571/532
f 527/566/527 532/571/532 526/565/526
f 532/571/532 527/566/527 533/572/533
f 528/567/528 533/572/533 527/566/527
f 533/572/533 528/567/528 534/573/534
f 529/568/529 534/573/534 528/567/528
f 534/573/534 529/568/529 535/574/535
f 536/581/536 423/576/423 422/575/422
f 423/576/423 536/581/536 537/582/537
f 537/582/537 424/577/424 423/576/423
f 424/577/424 537/582/537 538/583/538
f 538/583/538 425/578/425 424/577/424
f 425/578/425 538/583/538 539/584/539
f 539/584/539 426/579/426 425/578/425
f 426/579/426 539/584/539 540/585/540
f 540/585/540 427/580/427 426/579/426
f 427/580/427 540/585/540 541/586/541
f 541/586/541 391/538/391 427/580/427
f 391/538/391 541/586/541 505/544/505
f 542/587/542 537/582/537 536/581/536
f 537/582/537 542/587/542 543/588/543
f 543/588/543 538/583/538 537/582/537
f 538/583/538 543/588/543 544/589/544
f 544/589/544 539/584/539 538/583/538
f 539/584/539 544/589/544 545/590/545
f 545/590/545 540/585/540 539/584/539
f 540/585/540 545/590/545 546/591/546
f 546/591/546 541/586/541 540/585/540
f 541/586/541 546/591/546 547/592/547
f 547/592/547 505/544/505 541/586/541
f 505/544/505 547/592/547 511/550/511
f 548/593/548 543/588/543 542/587/542
f 543/588/543 548/593/548 549/594/549
f 549/594/549 544/589/544 543/588/543
f 544/589/544 549/594/549 550/595/550
f 550/595/550 545/590/545 544/589/544
f 545/590/545 550/595/550 551/596/551
f 551/596/551 546/591/546 545/590/545
f 546/591/546 551/596/551 552/597/552
f 552/597/552 547/592/547 546/591/546
f 547/592/547 552/597/552 553/598/553
f 553/598/553 511/550/511 547/592/547
f 511/550/511 553/598/553 517/556/517
f 554/599/554 549/594/549 548/593/548
f 549/594/549 554/599/554 555/600/555
f 555/600/555 550/595/550 549/594/549
f 550/595/550 555/600/555 556/601/556
f 556/601/556 551/596/551 550/595/550
f 551/596/551 556/601/556 557/602/557
f 557/602/557 552/597/552 551/596/551
f 552/597/552 557/602/557 558/603/558
f 558/603/558 553/598/553 552/597/552
f 553/598/553 558/603/558 559/604/559
f 559/604/559 517/556/517 553/598/553
f 517/556/517 559/604/559 523/562/523
f 560/605/560 555/600/555 554/599/554
f 555/600/555 560/605/560 561/606/561
f 561/606/561 556/601/556 555/600/555
f 556/601/556 561/606/561 562/607/562
f 562/607/562 557/602/557 556/601/556
f 557/602/557 562/607/562 563/608/563
f 563/608/563 558/603/558 557/602/557
f 558/603/558 563/608/563 564/609/564
f 564/609/564 559/604/559 558/603/558
f 559/604/559 564/609/564 565/610/565
f 565/610/565 523/562/523 559/604/559
f 523/562/523 565/610/565 529/568/529
f 566/611/566 561/606/561 560/605/560
f 561/606/561 566/611/566 567/612/567
f 567/612/567 562/607/562 561/606/561
f 562/607/562 567/612/567 568/613/568
f 568/613/568 563/608/563 562/607/562
f 563/608/563 568/613/568 569/614/569
f 569/614/569 564/609/564 563/608/563
f 564/609/564 569/614/569 570/615/570
f 570/615/570 565/610/565 564/609/564
f 565/610/565 570/615/570 571/616/571
f 571/616/571 529/568/529 565/610/565
f 529/568/529 571/616/571 535/574/535
f 458/491/458 453/617/453 349/484/349
f 453/617/453 458/491/458 572/622/572
f 572/622/572 454/618/454 453/617/453
f 454/618/454 572/622/572 573/623/573
f 573/623/573 455/619/455 454/618/454
f 455/619/455 573/623/573 574/624/574
f 574/624/574 456/620/456 455/619/455
f 456/620/456 574/624/574 575/625/575
f 575/625/575 457/621/457 456/620/456
f 457/621/457 575/625/575 576/626/576
f 576/626/576 422/575/422 457/621/457
f 422/575/422 576/626/576 536/581/536
f 465/498/465 572/622/572 458/491/458
f 572/622/572 465/498/465 577/627/577
f 577/627/577 573/623/573 572/622/572
f 573/623/573 577/627/577 578/628/578
f 578/628/578 574/624/574 573/623/573
f 574/624/574 578/628/578 579/629/579
f 579/629/579 575/625/575 574/624/574
f 575/625/575 579/629/579 580/630/580
f 580/630/580 576/626/576 575/625/575
f 576/626/576 580/630/580 581/631/581
f 581/631/581 536/581/536 576/626/576
f 536/581/536 581/631/581 542/587/542
f 472/505/472 577/627/577 465/498/465
f 577/627/577 472/505/472 582/632/582
f 582/632/582 578/628/578 577/627/577
f 578/628/578 582/632/582 583/633/583
f 583/633/583 579/629/579 578/628/578
f 579/629/579 583/633/583 584/634/584
f 584/634/584 580/630/580 579/629/579
f 580/630/580 584/634/584 585/635/585
f 585/635/585 581/631/581 580/630/580
f 581/631/581 585/635/585 586/636/586
f 586/636/586 542/587/542 581/631/581
f 542/587/542 586/636/586 548/593/548
f 479/512/479 582/632/582 472/505/472
f 582/632/582 479/512/479 587/637/587
f 587/637/587 583/633/583 582/632/582
f 583/633/583 587/637/587 588/638/588
f 588/638/588 584/634/584 583/633/583
f 584/634/584 588/638/588 589/639/589
f 589/639/589 585/635/585 584/634/584
f 585/635/585 589/639/589 590/640/590
f 590/640/590 586/636/586 585/635/585
f 586/636/586 590/640/590 591/641/591
f 591/641/591 548/593/548 586/636/586
f 548/593/548 591/641/591 554/599/554
f 486/519/486 587/637/587 479/512/479
f 587/637/587 486/519/486 592/642/592
f 592/642/592 588/638/588 587/637/587
f 588/638/588 592/642/592 593/643/593
f 593/643/593 589/639/589 588/638/588
f 589/639/589 593/643/593 594/644/594
f 594/644/594 590/640/590 589/639/589
f 590/640/590 594/644/594 595/645/595
f 595/645/595 591/641/591 590/640/590
f 591/641/591 595/645/595 596/646/596
f 596/646/596 554/599/554 591/641/591
f 554/599/554 596/646/596 560/605/560
f 493/526/493 592/642/592 486/519/486
f 592/642/592 493/526/493 597/647/597
f 597/647/597 593/643/593 592/642/592
f 593/643/593 597/647/597 598/648/598
f 598/648/598 594/644/594 593/643/593
f 594/644/594 598/648/598 599/649/599
f 599/649/599 595/645/595 594/644/594
f 595/645/595 599/649/599 600/650/600
f 600/650/600 596/646/596 595/645/595
f 596/646/596 600/650/600 601/651/601
f 601/651/601 560/605/560 596/646/596
f 560/605/560 601/651/601 566/611/566
f 603/653/603 609/659/609 602/652/602
f 609/659/609 603/653/603 610/660/610
f 604/654/604 610/660/610 603/653/603
f 610/660/610 604/654/604 611/661/611
f 605/655/605 611/661/611 604/654/604
f 611/661/611 605/655/605 612/662/612
f 606/656/606 612/662/612 605/655/605
f 612/662/612 606/656/606 613/663/613
f 607/657/607 613/663/613 606/656/606
f 613/663/613 607/657/607 614/664/614
f 608/658/608 614/664/614 607/657/607
f 614/664/614 608/658/608 615/665/615
f 610/660/610 616/666/616 609/659/609
f 616/666/616 610/660/610 617/667/617
f 611/661/611 617/667/617 610/660/610
f 617/667/617 611/661/611 618/668/618
f 612/662/612 618/668/618 611/661/611
f 618/668/618 612/662/612 619/669/619
f 613/663/613 619/669/619 612/662/612
f 619/669/619 613/663/613 620/670/620
f 614/664/614 620/670/620 613/663/613
f 620/670/620 614/664/614 621/671/621
f 615/665/615 621/671/621 614/664/614
f 621/671/621 615/665/615 622/672/622
f 617/667/617 623/673/623 616/666/616
f 623/673/623 617/667/617 624/674/624
f 618/668/618 624/674/624 617/667/617
f 624/674/624 618/668/618 625/675/625
f 619/669/619 625/675/625 618/668/618
f 625/675/625 619/669/619 626/676/626
f 620/670/620 626/676/626 619/669/619
f 626/676/626 620/670/620 627/677/627
f 621/671/621 627/677/627 620/670/620
f 627/677/627 621/671/621 628/678/628
f 622/672/622 628/678/628 621/671/621
f 628/678/628 622/672/622 629/679/629
f 624/674/624 630/680/630 623/673/623
f 630/680/630 624/674/624 631/681/631
f 625/675/625 631/681/631 624/674/624
f 631/681/631 625/675/625 632/682/632
f 626/676/626 632/682/632 625/675/625
f 632/682/632 626/676/626 633/683/633
f 627/677/627 633/683/633 626/676/626
f 633/683/633 627/677/627 634/684/634
f 628/678/628 634/684/634 627/677/627
f 634/684/634 628/678/628 635/685/635
f 629/679/629 635/685/635 628/678/628
f 635/685/635 629/679/629 636/686/636
f 631/681/631 637/687/637 630/680/630
f 637/687/637 631/681/631 638/688/638
f 632/682/632 638/688/638 631/681/631
f 638/688/638 632/682/632 639/689/639
f 633/683/633 639/689/639 632/682/632
f 639/689/639 633/683/633 640/690/640
f 634/684/634 640/690/640 633/683/633
f 640/690/640 634/684/634 641/691/641
f 635/685/635 641/691/641 634/684/634
f 641/691/641 635/685/635 642/692/642
f 636/686/636 642/692/642 635/685/635
f 642/692/642 636/686/636 643/693/643
f 638/688/638 644/694/644 637/687/637
f 644/694/644 638/688/638 645/695/645
f 639/689/639 645/695/645 638/688/638
f 645/695/645 639/689/639 646/696/646
f 640/690/640 646/696/646 639/689/639
f 646/696/646 640/690/640 647/697/647
f 641/691/641 647/697/647 640/690/640
f 647/697/647 641/691/641 648/698/648
f 642/692/642 648/698/648 641/691/641
f 648/698/648 642/692/642 649/699/649
f 643/693/643 649/699/649 642/692/642
f 649/699/649 643/693/643 650/700/650
f 651/701/651 615/665/615 608/658/608
f 615/665/615 651/701/651 657/707/657
f 652/702/652 657/707/657 651/701/651
f 657/707/657 652/702/652 658/708/658
f 653/703/653 658/708/658 652/702/652
f 658/708/658 653/703/653 659/709/659
f 654/704/654 659/709/659 653/703/653
f 659/709/659 654/704/654 660/710/660
f 655/705/655 660/710/660 654/704/654
f 660/710/660 655/705/655 661/711/661
f 656/706/656 661/711/661 655/705/655
f 661/711/661 656/706/656 662/712/662
f 657/707/657 622/672/622 615/665/615
f 622/672/622 657/707/657 663/713/663
f 658/708/658 663/713/663 657/707/657
f 663/713/663 658/708/658 664/714/664
f 659/709/659 664/714/664 658/708/658
f 664/714/664 659/709/659 665/715/665
f 660/710/660 665/715/665 659/709/659
f 665/715/665 660/710/660 666/716/666
f 661/711/661 666/716/666 660/710/660
f 666/716/666 661/711/661 667/717/667
f 662/712/662 667/717/667 661/711/661
f 667/717/667 662/712/662 668/718/668
f 663/713/663 629/679/629 622/672/622
f 629/679/629 663/713/663 669/719/669
f 664/714/664 669/719/669 663/713/663
f 669/719/669 664/714/664 670/720/670
f 665/715/665 670/720/670 664/714/664
f 670/720/670 665/715/665 671/721/671
f 666/716/666 671/721/671 665/715/665
f 671/721/671 666/716/666 672/722/672
f 667/717/667 672/722/672 666/716/666
f 672/722/672 667/717/667 673/723/673
f 668/718/668 673/723/673 667/717/667
f 673/723/673 668/718/668 674/724/674
f 669/719/669 636/686/636 629/679/629
f 636/686/636 669/719/669 675/725/675
f 670/720/670 675/725/675 669/719/669
f 675/725/675 670/720/670 676/726/676
f 671/721/671 676/726/676 670/720/670
f 676/726/676 671/721/671 677/727/677
f 672/722/672 677/727/677 671/721/671
f 677/727/677 672/722/672 678/728/678
f 673/723/673 678/728/678 672/722/672
f 678/728/678 673/723/673 679/729/679
f 674/724/674 679/729/679 673/723/673
f 679/729/679 674/724/674 680/730/680
f 675/725/675 643/693/643 636/686/636
f 643/693/643 675/725/675 681/731/681
f 676/726/676 681/731/681 675/725/675
f 681/731/681 676/726/676 682/732/682
f 677/727/677 682/732/682 676/726/676
f 682/732/682 677/727/677 683/733/683
f 678/728/678 683/733/683 677/727/677
f 683/733/683 678/728/678 684/734/684
f 679/729/679 684/734/684 678/728/678
f 684/734/684 679/729/679 685/735/685
f 680/730/680 685/735/685 679/729/679
f 685/735/685 680/730/680 686/736/686
f 681/731/681 650/700/650 643/693/643
f 650/700/650 681/731/681 687/737/687
f 682/732/682 687/737/687 681/731/681
f 687/737/687 682/732/682 688/738/688
f 683/733/683 688/738/688 682/732/682
f 688/738/688 683/733/683 689/739/689
f 684/734/684 689/739/689 683/733/683
f 689/739/689 684/734/684 690/740/690
f 685/735/685 690/740/690 684/734/684
f 690/740/690 685/735/685 691/741/691
f 686/736/686 691/741/691 685/735/685
f 691/741/691 686/736/686 692/742/692
f 699/749/699 694/744/694 693/743/693
f 694/744/694 699/749/699 700/750/700
f 700/750/700 695/745/695 694/744/694
f 695/745/695 700/750/700 701/751/701
f 701/751/701 696/746/696 695/745/695
f 696/746/696 701/751/701 702/752/702
f 702/752/702 697/747/697 696/746/696
f 697/747/697 702/752/702 703/753/703
f 703/753/703 698/748/698 697/747/697
f 698/748/698 703/753/703 704/754/704
f 704/754/704 656/706/656 698/748/698
f 656/706/656 704/754/704 662/712/662
f 705/755/705 700/750/700 699/749/699
f 700/750/700 705/755/705 706/756/706
f 706/756/706 701/751/701 700/750/700
f 701/751/701 706/756/706 707/757/707
f 707/757/707 702/752/702 701/751/701
f 702/752/702 707/757/707 708/758/708
f 708/758/708 703/753/703 702/752/702
f 703/753/703 708/758/708 709/759/709
f 709/759/709 704/754/704 703/753/703
f 704/754/704 709/759/709 710/760/710
f 710/760/710 662/712/662 704/754/704
f 662/712/662 710/760/710 668/718/668
f 711/761/711 706/756/706 705/755/705
f 706/756/706 711/761/711 712/762/712
f 712/762/712 707/757/707 706/756/706
f 707/757/707 712/762/712 713/763/713
f 713/763/713 708/758/708 707/757/707
f 708/758/708 713/763/713 714/764/714
f 714/764/714 709/759/709 708/758/708
f 709/759/709 714/764/714 715/765/715
f 715/765/715 710/760/710 709/759/709
f 710/760/710 715/765/715 716/766/716
f 716/766/716 668/718/668 710/760/710
f 668/718/668 716/766/716 674/724/674
f 717/767/717 712/762/712 711/761/711
f 712/762/712 717/767/717 718/768/718
f 718/768/718 713/763/713 712/762/712
f 713/763/713 718/768/718 719/769/719
f 719/769/719 714/764/714 713/763/713
f 714/764/714 719/769/719 720/770/720
f 720/770/720 715/765/715 714/764/714
f 715/765/715 720/770/720 721/771/721
f 721/771/721 716/766/716 715/765/715
f 716/766/716 721/771/721 722/772/722
f 722/772/722 674/724/674 716/766/716
f 674/724/674 722/772/722 680/730/680
f 723/773/723 718/768/718 717/767/717
f 718/768/718 723/773/723 724/774/724
f 724/774/724 719/769/719 718/768/718
f 719/769/719 724/774/724 725/775/725
f 725/775/725 720/770/720 719/769/719
f 720/770/720 725/775/725 726/776/726
f 726/776/726 721/771/721 720/770/720
f 721/771/721 726/776/726 727/777/727
f 727/777/727 722/772/722 721/771/721
f 722/772/722 727/777/727 728/778/728
f 728/778/728 680/730/680 722/772/722
f 680/730/680 728/778/728 686/736/686
f 729/779/729 724/774/724 723/773/723
f 724/774/724 729/779/729 730/780/730
f 730/780/730 725/775/725 724/774/724
f 725/775/725 730/780/730 731/781/731
f 731/781/731 726/776/726 725/775/725
f 726/776/726 731/781/731 732/782/732
f 732/782/732 727/777/727 726/776/726
f 727/777/727 732/782/732 733/783/733
f 733/783/733 728/778/728 727/777/727
f 728/778/728 733/783/733 734/784/734
f 734/784/734 686/736/686 728/778/728
f 686/736/686 734/784/734 692/742/692
f 609/791/609 735/786/735 602/785/602
f 735/786/735 609/791/609 740/792/740
f 740/792/740 736/787/736 735/786/735
f 736/787/736 740/792/740 741/793/741
f 741/793/741 737/788/737 736/787/736
f 737/788/737 741/793/741 742/794/742
f 742/794/742 738/789/738 737/788/737
f 738/789/738 742/794/742 743/795/743
f 743/795/743 739/790/739 738/789/738
f 739/790/739 743/795/743 744/796/744
f 744/796/744 693/743/693 739/790/739
f 693/743/693 744/796/744 699/749/699
f 616/797/616 740/792/740 609/791/609
f 740/792/740 616/797/616 745/798/745
f 745/798/745 741/793/741 740/792/740
f 741/793/741 745/798/745 746/799/746
f 746/799/746 742/794/742 741/793/741
f 742/794/742 746/799/746 747/800/747
f 747/800/747 743/795/743 742/794/742
f 743/795/743 747/800/747 748/801/748
f 748/801/748 744/796/744 743/795/743
f 744/796/744 748/801/748 749/802/749
f 749/802/749 699/749/699 744/796/744
f 699/749/699 749/802/749 705/755/705
f 623/803/623 745/798/745 616/797/616
f 745/798/745 623/803/623 750/804/750
f 750/804/750 746/799/746 745/798/745
f 746/799/746 750/804/750 751/805/751
f 751/805/751 747/800/747 746/799/746
f 747/800/747 751/805/751 752/806/752
f 752/806/752 748/801/748 747/800/747
f 748/801/748 752/806/752 753/807/753
f 753/807/753 749/802/749 748/801/748
f 749/802/749 753/807/753 754/808/754
f 754/808/754 705/755/705 749/802/749
f 705/755/705 754/808/754 711/761/711
f 630/809/630 750/804/750 623/803/623
f 750/804/750 630/809/630 755/810/755
f 755/810/755 751/805/751 750/804/750
f 751/805/751 755/810/755 756/811/756
f 756/811/756 752/806/752 751/805/751
f 752/806/752 756/811/756 757/812/757
f 757/812/757 753/807/753 752/806/752
f 753/807/753 757/812/757 758/813/758
f 758/813/758 754/808/754 753/807/753
f 754/808/754 758/813/758 759/814/759
f 759/814/759 711/761/711 754/808/754
f 711/761/711 759/814/759 717/767/717
f 637/815/637 755/810/755 630/809/630
f 755/810/755 637/815/637 760/816/760
f 760/816/760 756/811/756 755/810/755
f 756/811/756 760/816/760 761/817/761
f 761/817/761 757/812/757 756/811/756
f 757/812/757 761/817/761 762/818/762
f 762/818/762 758/813/758 757/812/757
f 758/813/758 762/818/762 763/819/763
f 763/819/763 759/814/759 758/813/758
f 759/814/759 763/819/763 764/820/764
f 764/820/764 717/767/717 759/814/759
f 717/767/717 764/820/764 723/773/723
f 644/821/644 760/816/760 637/815/637
f 760/816/760 644/821/644 765/822/765
f 765/822/765 761/817/761 760/816/760
f 761/817/761 765/822/765 766/823/766
f 766/823/766 762/818/762 761/817/761
f 762/818/762 766/823/766 767/824/767
f 767/824/767 763/819/763 762/818/762
f 763/819/763 767/824/767 768/825/768
f 768/825/768 764/820/764 763/819/763
f 764/820/764 768/825/768 769/826/769
f 769/826/769 723/773/723 764/820/764
f 723/773/723 769/826/769 729/779/729
f 645/695/645 770/827/770 644/694/644
f 770/827/770 645/695/645 771/828/771
f 646/696/646 771/828/771 645/695/645
f 771/828/771 646/696/646 772/829/772
f 647/697/647 772/829/772 646/696/646
f 772/829/772 647/697/647 773/830/773
f 648/698/648 773/830/773 647/697/647
f 773/830/773 648/698/648 774/831/774
f 649/699/649 774/831/774 648/698/648
f 774/831/774 649/699/649 775/832/775
f 650/700/650 775/832/775 649/699/649
f 775/832/775 650/700/650 776/833/776
f 771/828/771 777/834/777 770/827/770
f 777/834/777 771/828/771 778/835/778
f 772/829/772 778/835/778 771/828/771
f 778/835/778 772/829/772 779/836/779
f 773/830/773 779/836/779 772/829/772
f 779/836/779 773/830/773 780/837/780
f 774/831/774 780/837/780 773/830/773
f 780/837/780 774/831/774 781/838/781
f 775/832/775 781/838/781 774/831/774
f 781/838/781 775/832/775 782/839/782
f 776/833/776 782/839/782 775/832/775
f 782/839/782 776/833/776 783/840/783
f 778/835/778 784/841/784 777/834/777
f 784/841/784 778/835/778 785/842/785
f 779/836/779 785/842/785 778/835/778
f 785/842/785 779/836/779 786/843/786
f 780/837/780 786/843/786 779/836/779
f 786/843/786 780/837/780 787/844/787
f 781/838/781 787/844/787 780/837/780
f 787/844/787 781/838/781 788/845/788
f 782/839/782 788/845/788 781/838/781
f 788/845/788 782/839/782 789/846/789
f 783/840/783 789/846/789 782/839/782
f 789/846/789 783/840/783 790/847/790
f 785/842/785 791/848/791 784/841/784
f 791/848/791 785/842/785 792/849/792
f 786/843/786 792/849/792 785/842/785
f 792/849/792 786/843/786 793/850/793
f 787/844/787 793/850/793 786/843/786
f 793/850/793 787/844/787 794/851/794
f 788/845/788 794/851/794 787/844/787
f 794/851/794 788/845/788 795/852/795
f 789/846/789 795/852/795 788/845/788
f 795/852/795 789/846/789 796/853/796
f 790/847/790 796/853/796 789/846/789
f 796/853/796 790/847/790 797/854/797
f 792/849/792 798/855/798 791/848/791
f 798/855/798 792/849/792 799/856/799
f 793/850/793 799/856/799 792/849/792
f 799/856/799 793/850/793 800/857/800
f 794/851/794 800/857/800 793/850/793
f 800/857/800 794/851/794 801/858/801
f 795/852/795 801/858/801 794/851/794
f 801/858/801 795/852/795 802/859/802
f 796/853/796 802/859/802 795/852/795
f 802/859/802 796/853/796 803/860/803
f 797/854/797 803/860/803 796/853/796
f 803/860/803 797/854/797 804/861/804
f 799/856/799 805/862/805 798/855/798
f 805/862/805 799/856/799 806/863/806
f 800/857/800 806/863/806 799/856/799
f 806/863/806 800/857/800 807/864/807
f 801/858/801 807/864/807 800/857/800
f 807/864/807 801/858/801 808/865/808
f 802/859/802 808/865/808 801/858/801
f 808/865/808 802/859/802 809/866/809
f 803/860/803 809/866/809 802/859/802
f 809/866/809 803/860/803 810/867/810
f 804/861/804 810/867/810 803/860/803
f 810/867/810 804/861/804 811/868/811
f 687/737/687 776/833/776 650/700/650
f 776/833/776 687/737/687 812/869/812
f 688/738/688 812/869/812 687/737/687
f 812/869/812 688/738/688 813/870/813
f 689/739/689 813/870/813 688/738/688
f 813/870/813 689/739/689 814/871/814
f 690/740/690 814/871/814 689/739/689
f 814/871/814 690/740/690 815/872/815
f 691/741/691 815/872/815 690/740/690
f 815/872/815 691/741/691 816/873/816
f 692/742/692 816/873/816 691/741/691
f 816/873/816 692/742/692 817/874/817
f 812/869/812 783/840/783 776/833/776
f 783/840/783 812/869/812 818/875/818
f 813/870/813 818/875/818 812/869/812
f 818/875/818 813/870/813 819/876/819
f 814/871/814 819/876/819 813/870/813
f 819/876/819 814/871/814 820/877/820
f 815/872/815 820/877/820 814/871/814
f 820/877/820 815/872/815 821/878/821
f 816/873/816 821/878/821 815/872/815
f 821/878/821 816/873/816 822/879/822
f 817/874/817 822/879/822 816/873/816
f 822/879/822 817/874/817 823/880/823
f 818/875/818 790/847/790 783/840/783
f 790/847/790 818/875/818 824/881/824
f 819/876/819 824/881/824 818/875/818
f 824/881/824 819/876/819 825/882/825
f 820/877/820 825/882/825 819/876/819
f 825/882/825 820/877/820 826/883/826
f 821/878/821 826/883/826 820/877/820
f 826/883/826 821/878/821 827/884/827
f 822/879/822 827/884/827 821/878/821
f 827/884/827 822/879/822 828/885/828
f 823/880/823 828/885/828 822/879/822
f 828/885/828 823/880/823 829/886/829
f 824/881/824 797/854/797 790/847/790
f 797/854/797 824/881/824 830/887/830
f 825/882/825 830/887/830 824/881/824
f 830/887/830 825/882/825 831/888/831
f 826/883/826 831/888/831 825/882/825
f 831/888/831 826/883/826 832/889/832
f 827/884/827 832/889/832 826/883/826
f 832/889/832 827/884/827 833/890/833
f 828/885/828 833/890/833 827/884/827
f 833/890/833 828/885/828 834/891/834
f 829/886/829 834/891/834 828/885/828
f 834/891/834 829/886/829 835/892/835
f 830/887/830 804/861/804 797/854/797
f 804/861/804 830/887/830 836/893/836
f 831/888/831 836/893/836 830/887/830
f 836/893/836 831/888/831 837/894/837
f 832/889/832 837/894/837 831/888/831
f 837/894/837 832/889/832 838/895/838
f 833/890/833 838/895/838 832/889/832
f 838/895/838 833/890/833 839/896/839
f 834/891/834 839/896/839 833/890/833
f 839/896/839 834/891/834 840/897/840
f 835/892/835 840/897/840 834/891/834
f 840/897/840 835/892/835 841/898/841
f 836/893/836 811/868/811 804/861/804
f 811/868/811 836/893/836 842/899/842
f 837/894/837 842/899/842 836/893/836
f 842/899/842 837/894/837 843/900/843
f 838/895/838 843/900/843 837/894/837
f 843/900/843 838/895/838 844/901/844
f 839/896/839 844/901/844 838/895/838
f 844/901/844 839/896/839 845/902/845
f 840/897/840 845/902/845 839/896/839
f 845/902/845 840/897/840 846/903/846
f 841/898/841 846/903/846 840/897/840
f 846/903/846 841/898/841 847/904/847
f 848/905/848 730/780/730 729/779/729
f 730/780/730 848/905/848 849/906/849
f 849/906/849 731/781/731 730/780/730
f 731/781/731 849/906/849 850/907/850
f 850/907/850 732/782/732 731/781/731
f 732/782/732 850/907/850 851/908/851
f 851/908/851 733/783/733 732/782/732
f 733/783/733 851/908/851 852/909/852
f 852/909/852 734/784/734 733/783/733
f 734/784/734 852/909/852 853/910/853
f 853/910/853 692/742/692 734/784/734
f 692/742/692 853/910/853 817/874/817
f 854/911/854 849/906/849 848/905/848
f 849/906/849 854/911/854 855/912/855
f 855/912/855 850/907/850 849/906/849
f 850/907/850 855/912/855 856/913/856
f 856/913/856 851/908/851 850/907/850
f 851/908/851 856/913/856 857/914/857
f 857/914/857 852/909/852 851/908/851
f 852/909/852 857/914/857 858/915/858
f 858/915/858 853/910/853 852/909/852
f 853/910/853 858/915/858 859/916/859
f 859/916/859 817/874/817 853/910/853
f 817/874/817 859/916/859 823/880/823
f 860/917/860 855/912/855 854/911/854
f 855/912/855 860/917/860 861/918/861
f 861/918/861 856/913/856 855/912/855
f 856/913/856 861/918/861 862/919/862
f 862/919/862 857/914/857 856/913/856
f 857/914/857 862/919/862 863/920/863
f 863/920/863 858/915/858 857/914/857
f 858/915/858 863/920/863 864/921/864
f 864/921/864 859/916/859 858/915/858
f 859/916/859 864/921/864 865/922/865
f 865/922/865 823/880/823 859/916/859
f 823/880/823 865/922/865 829/886/829
f 866/923/866 861/918/861 860/917/860
f 861/918/861 866/923/866 867/924/867
f 867/924/867 862/919/862 861/918/861
f 862/919/862 867/924/867 868/925/868
f 868/925/868 863/920/863 862/919/862
f 863/920/863 868/925/868 869/926/869
f 869/926/869 864/921/864 863/920/863
f 864/921/864 869/926/869 870/927/870
f 870/927/870 865/922/865 864/921/864
f 865/922/865 870/927/870 871/928/871
f 871/928/871 829/886/829 865/922/865
f 829/886/829 871/928/871 835/892/835
f 872/929/872 867/924/867 866/923/866
f 867/924/867 872/929/872 873/930/873
f 873/930/873 868/925/868 867/924/867
f 868/925/868 873/930/873 874/931/874
f 874/931/874 869/926/869 868/925/868
f 869/926/869 874/931/874 875/932/875
f 875/932/875 870/927/870 869/926/869
f 870/927/870 875/932/875 876/933/876
f 876/933/876 871/928/871 870/927/870
f 871/928/871 876/933/876 877/934/877
f 877/934/877 835/892/835 871/928/871
f 835/892/835 877/934/877 841/898/841
f 878/935/878 873/930/873 872/929/872
f 873/930/873 878/935/878 879/936/879
f 879/936/879 874/931/874 873/930/873
f 874/931/874 879/936/879 880/937/880
f 880/937/880 875/932/875 874/931/874
f 875/932/875 880/937/880 881/938/881
f 881/938/881 876/933/876 875/932/875
f 876/933/876 881/938/881 882/939/882
f 882/939/882 877/934/877 876/933/876
f 877/934/877 882/939/882 883/940/883
f 883/940/883 841/898/841 877/934/877
f 841/898/841 883/940/883 847/904/847
f 770/941/770 765/822/765 644/821/644
f 765/822/765 770/941/770 884/942/884
f 884/942/884 766/823/766 765/822/765
f 766/823/766 884/942/884 885/943/885
f 885/943/885 767/824/767 766/823/766
f 767/824/767 885/943/885 886/944/886
f 886/944/886 768/825/768 767/824/767
f 768/825/768 886/944/886 887/945/887
f 887/945/887 769/826/769 768/825/768
f 769/826/769 887/945/887 888/946/888
f 888/946/888 729/779/729 769/826/769
f 729/779/729 888/946/888 848/905/848
f 777/947/777 884/942/884 770/941/770
f 884/942/884 777/947/777 889/948/889
f 889/948/889 885/943/885 884/942/884
f 885/943/885 889/948/889 890/949/890
f 890/949/890 886/944/886 885/943/885
f 886/944/886 890/949/890 891/950/891
f 891/950/891 887/945/887 886/944/886
f 887/945/887 891/950/891 892/951/892
f 892/951/892 888/946/888 887/945/887
f 888/946/888 892/951/892 893/952/893
f 893/952/893 848/905/848 888/946/888
f 848/905/848 893/952/893 854/911/854
f 784/953/784 889/948/889 777/947/777
f 889/948/889 784/953/784 894/954/894
f 894/954/894 890/949/890 889/948/889
f 890/949/890 894/954/894 895/955/895
f 895/955/895 891/950/891 890/949/890
f 891/950/891 895/955/895 896/956/896
f 896/956/896 892/951/892 891/950/891
f 892/951/892 896/956/896 897/957/897
f 897/957/897 893/952/893 892/951/892
f 893/952/893 897/957/897 898/958/898
f 898/958/898 854/911/854 893/952/893
f 854/911/854 898/958/898 860/917/860
f 791/959/791 894/954/894 784/953/784
f 894/954/894 791/959/791 899/960/899
f 899/960/899 895/955/895 894/954/894
f 895/955/895 899/960/899 900/961/900
f 900/961/900 896/956/896 895/955/895
f 896/956/896 900/961/900 901/962/901
f 901/962/901 897/957/897 896/956/896
f 897/957/897 901/962/901 902/963/902
f 902/963/902 898/958/898 897/957/897
f 898/958/898 902/963/902 903/964/903
f 903/964/903 860/917/860 898/958/898
f 860/917/860 903/964/903 866/923/866
f 798/965/798 899/960/899 791/959/791
f 899/960/899 798/965/798 904/966/904
f 904/966/904 900/961/900 899/960/899
f 900/961/900 904/966/904 905/967/905
f 905/967/905 901/962/901 900/961/900
f 901/962/901 905/967/905 906/968/906
f 906/968/906 902/963/902 901/962/901
f 902/963/902 906/968/906 907/969/907
f 907/969/907 903/964/903 902/963/902
f 903/964/903 907/969/907 908/970/908
f 908/970/908 866/923/866 903/964/903
f 866/923/866 908/970/908 872/929/872
f 805/971/805 904/966/904 798/965/798
f 904/966/904 805/971/805 909/972/909
f 909/972/909 905/967/905 904/966/904
f 905/967/905 909/972/909 910/973/910
f 910/973/910 906/968/906 905/967/905
f 906/968/906 910/973/910 911/974/911
f 911/974/911 907/969/907 906/968/906
f 907/969/907 911/974/911 912/975/912
f 912/975/912 908/970/908 907/969/907
f 908/970/908 912/975/912 913/976/913
f 913/976/913 872/929/872 908/970/908
f 872/929/872 913/976/913 878/935/878
f 806/863/806 914/977/914 805/862/805
f 914/977/914 806/863/806 915/978/915
f 807/864/807 915/978/915 806/863/806
f 915/978/915 807/864/807 916/979/916
f 808/865/808 916/979/916 807/864/807
f 916/979/916 808/865/808 917/980/917
f 809/866/809 917/980/917 808/865/808
f 917/980/917 809/866/809 918/981/918
f 810/867/810 918/981/918 809/866/809
f 918/981/918 810/867/810 919/982/919
f 811/868/811 919/982/919 810/867/810
f 919/982/919 811/868/811 920/983/920
f 915/978/915 921/984/921 914/977/914
f 921/984/921 915/978/915 922/985/922
f 916/979/916 922/985/922 915/978/915
f 922/985/922 916/979/916 923/986/923
f 917/980/917 923/986/923 916/979/916
f 923/986/923 917/980/917 924/987/924
f 918/981/918 924/987/924 917/980/917
f 924/987/924 918/981/918 925/988/925
f 919/982/919 925/988/925 918/981/918
f 925/988/925 919/982/919 926/989/926
f 920/983/920 926/989/926 919/982/919
f 926/989/926 920/983/920 927/990/927
f 922/985/922 928/991/928 921/984/921
f 928/991/928 922/985/922 929/992/929
f 923/986/923 929/992/929 922/985/922
f 929/992/929 923/986/923 930/993/930
f 924/987/924 930/993/930 923/986/923
f 930/993/930 924/987/924 931/994/931
f 925/988/925 931/994/931 924/987/924
f 931/994/931 925/988/925 932/995/932
f 926/989/926 932/995/932 925/988/925
f 932/995/932 926/989/926 933/996/933
f 927/990/927 933/996/933 926/989/926
f 933/996/933 927/990/927 934/997/934
f 929/992/929 935/998/935 928/991/928
f 935/998/935 929/992/929 936/999/936
f 930/993/930 936/999/936 929/992/929
f 936/999/936 930/993/930 937/1000/937
f 931/994/931 937/1000/937 930/993/930
f 937/1000/937 931/994/931 938/1001/938
f 932/995/932 938/1001/938 931/994/931
f 938/1001/938 932/995/932 939/1002/939
f 933/996/933 939/1002/939 932/995/932
f 939/1002/939 933/996/933 940/1003/940
f 934/997/934 940/1003/940 933/996/933
f 940/1003/940 934/997/934 941/1004/941
f 936/999/936 942/1005/942 935/998/935
f 942/1005/942 936/999/936 943/1006/943
f 937/1000/937 943/1006/943 936/999/936
f 943/1006/943 937/1000/937 944/1007/944
f 938/1001/938 944/1007/944 937/1000/937
f 944/1007/944 938/1001/938 945/1008/945
f 939/1002/939 945/1008/945 938/1001/938
f 945/1008/945 939/1002/939 946/1009/946
f 940/1003/940 946/1009/946 939/1002/939
f 946/1009/946 940/1003/940 947/1010/947
f 941/1004/941 947/1010/947 940/1003/940
f 947/1010/947 941/1004/941 948/1011/948
f 943/1006/943 949/1012/949 942/1005/942
f 949/1012/949 943/1006/943 950/1013/950
f 944/1007/944 950/1013/950 943/1006/943
f 950/1013/950 944/1007/944 951/1014/951
f 945/1008/945 951/1014/951 944/1007/944
f 951/1014/951 945/1008/945 952/1015/952
f 946/1009/946 952/1015/952 945/1008/945
f 952/1015/952 946/1009/946 953/1016/953
f 947/1010/947 953/1016/953 946/1009/946
f 953/1016/953 947/1010/947 954/1017/954
f 948/1011/948 954/1017/954 947/1010/947
f 954/1017/954 948/1011/948 955/1018/955
f 842/899/842 920/983/920 811/868/811
f 920/983/920 842/899/842 956/1019/956
f 843/900/843 956/1019/956 842/899/842
f 956/1019/956 843/900/843 957/1020/957
f 844/901/844 957/1020/957 843/900/843
f 957/1020/957 844/901/844 958/1021/958
f 845/902/845 958/1021/958 844/901/844
f 958/1021/958 845/902/845 959/1022/959
f 846/903/846 959/1022/959 845/902/845
f 959/1022/959 846/903/846 960/1023/960
f 847/904/847 960/1023/960 846/903/846
f 960/1023/960 847/904/847 961/1024/961
f 956/1019/956 927/990/927 920/983/920
f 927/990/927 956/1019/956 962/1025/962
f 957/1020/957 962/1025/962 956/1019/956
f 962/1025/962 957/1020/957 963/1026/963
f 958/1021/958 963/1026/963 957/1020/957
f 963/1026/963 958/1021/958 964/1027/964
f 959/1022/959 964/1027/964 958/1021/958
f 964/1027/964 959/1022/959 965/1028/965
f 960/1023/960 965/1028/965 959/1022/959
f 965/1028/965 960/1023/960 966/1029/966
f 961/1024/961 966/1029/966 960/1023/960
f 966/1029/966 961/1024/961 967/1030/967
f 962/1025/962 934/997/934 927/990/927
f 934/997/934 962/1025/962 968/1031/968
f 963/1026/963 968/1031/968 962/1025/962
f 968/1031/968 963/1026/963 969/1032/969
f 964/1027/964 969/1032/969 963/1026/963
f 969/1032/969 964/1027/964 970/1033/970
f 965/1028/965 970/1033/970 964/1027/964
f 970/1033/970 965/1028/965 971/1034/971
f 966/1029/966 971/1034/971 965/1028/965
f 971/1034/971 966/1029/966 972/1035/972
f 967/1030/967 972/1035/972 966/1029/966
f 972/1035/972 967/1030/967 973/1036/973
f 968/1031/968 941/1004/941 934/997/934
f 941/1004/941 968/1031/968 974/1037/974
f 969/1032/969 974/1037/974 968/1031/968
f 974/1037/974 969/1032/969 975/1038/975
f 970/1033/970 975/1038/975 969/1032/969
f 975/1038/975 970/1033/970 976/1039/976
f 971/1034/971 976/1039/976 970/1033/970
f 976/1039/976 971/1034/971 977/1040/977
f 972/1035/972 977/1040/977 971/1034/971
f 977/1040/977 972/1035/972 978/1041/978
f 973/1036/973 978/1041/978 972/1035/972
f 978/1041/978 973/1036/973 979/1042/979
f 974/1037/974 948/1011/948 941/1004/941
f 948/1011/948 974/1037/974 980/1043/980
f 975/1038/975 980/1043/980 974/1037/974
f 980/1043/980 975/1038/975 981/1044/981
f 976/1039/976 981/1044/981 975/1038/975
f 981/1044/981 976/1039/976 982/1045/982
f 977/1040/977 982/1045/982 976/1039/976
f 982/1045/982 977/1040/977 983/1046/983
f 978/1041/978 983/1046/983 977/1040/977
f 983/1046/983 978/1041/978 984/1047/984
f 979/1042/979 984/1047/984 978/1041/978
f 984/1047/984 979/1042/979 985/1048/985
f 980/1043/980 955/1018/955 948/1011/948
f 955/1018/955 980/1043/980 986/1049/986
f 981/1044/981 986/1049/986 980/1043/980
f 986/1049/986 981/1044/981 987/1050/987
f 982/1045/982 987/1050/987 981/1044/981
f 987/1050/987 982/1045/982 988/1051/988
f 983/1046/983 988/1051/988 982/1045/982
f 988/1051/988 983/1046/983 989/1052/989
f 984/1047/984 989/1052/989 983/1046/983
f 989/1052/989 984/1047/984 990/1053/990
f 985/1048/985 990/1053/990 984/1047/984
f 990/1053/990 985/1048/985 991/1054/991
f 992/1055/992 879/936/879 878/935/878
f 879/936/879 992/1055/992 993/1056/993
f 993/1056/993 880/937/880 879/936/879
f 880/937/880 993/1056/993 994/1057/994
f 994/1057/994 881/938/881 880/937/880
f 881/938/881 994/1057/994 995/1058/995
f 995/1058/995 882/939/882 881/938/881
f 882/939/882 995/1058/995 996/1059/996
f 996/1059/996 883/940/883 882/939/882
f 883/940/883 996/1059/996 997/1060/997
f 997/1060/997 847/904/847 883/940/883
f 847/904/847 997/1060/997 961/1024/961
f 998/1061/998 993/1056/993 992/1055/992
f 993/1056/993 998/1061/998 999/1062/999
f 999/1062/999 994/1057/994 993/1056/993
f 994/1057/994 999/1062/999 1000/1063/1000
f 1000/1063/1000 995/1058/995 994/1057/994
f 995/1058/995 1000/1063/1000 1001/1064/1001
f 1001/1064/1001 996/1059/996 995/1058/995
f 996/1059/996 1001/1064/1001 1002/1065/1002
f 1002/1065/1002 997/1060/997 996/1059/996
f 997/1060/997 1002/1065/1002 1003/1066/1003
f 1003/1066/1003 961/1024/961 997/1060/997
f 961/1024/961 1003/1066/1003 967/1030/967
f 1004/1067/1004 999/1062/999 998/1061/998
f 999/1062/999 1004/1067/1004 1005/1068/1005
f 1005/1068/1005 1000/1063/1000 999/1062/999
f 1000/1063/1000 1005/1068/1005 1006/1069/1006
f 1006/1069/1006 1001/1064/1001 1000/1063/1000
f 1001/1064/1001 1006/1069/1006 1007/1070/1007
f 1007/1070/1007 1002/1065/1002 1001/1064/1001
f 1002/1065/1002 1007/1070/1007 1008/1071/1008
f 1008/1071/1008 1003/1066/1003 1002/1065/1002
f 1003/1066/1003 1008/1071/1008 1009/1072/1009
f 1009/1072/1009 967/1030/967 1003/1066/1003
f 967/1030/967 1009/1072/1009 973/1036/973
f 1010/1073/1010 1005/1068/1005 1004/1067/1004
f 1005/1068/1005 1010/1073/1010 1011/1074/1011
f 1011/1074/1011 1006/1069/1006 1005/1068/1005
f 1006/1069/1006 1011/1074/1011 1012/1075/1012
f 1012/1075/1012 1007/1070/1007 1006/1069/1006
f 1007/1070/1007 1012/1075/1012 1013/1076/1013
f 1013/1076/1013 1008/1071/1008 1007/1070/1007
f 1008/1071/1008 1013/1076/1013 1014/1077/1014
f 1014/1077/1014 1009/1072/1009 1008/1071/1008
f 1009/1072/1009 1014/1077/1014 1015/1078/1015
f 1015/1078/1015 973/1036/973 1009/1072/1009
f 973/1036/973 1015/1078/1015 979/1042/979
f 1016/1079/1016 1011/1074/1011 1010/1073/1010
f 1011/1074/1011 1016/1079/1016 1017/1080/1017
f 1017/1080/1017 1012/1075/1012 1011/1074/1011
f 1012/1075/1012 1017/1080/1017 1018/1081/1018
f 1018/1081/1018 1013/1076/1013 1012/1075/1012
f 1013/1076/1013 1018/1081/1018 1019/1082/1019
f 1019/1082/1019 1014/1077/1014 1013/1076/1013
f 1014/1077/1014 1019/1082/1019 1020/1083/1020
f 1020/1083/1020 1015/1078/1015 1014/1077/1014
f 1015/1078/1015 1020/1083/1020 1021/1084/1021
f 1021/1084/1021 979/1042/979 1015/1078/1015
f 979/1042/979 1021/1084/1021 985/1048/985
f 1022/1085/1022 1017/1080/1017 1016/1079/1016
f 1017/1080/1017 1022/1085/1022 1023/1086/1023
f 1023/1086/1023 1018/1081/1018 1017/1080/1017
f 1018/1081/1018 1023/1086/1023 1024/1087/1024
f 1024/1087/1024 1019/1082/1019 1018/1081/1018
f 1019/1082/1019 1024/1087/1024 1025/1088/1025
f 1025/1088/1025 1020/1083/1020 1019/1082/1019
f 1020/1083/1020 1025/1088/1025 1026/1089/1026
f 1026/1089/1026 1021/1084/1021 1020/1083/1020
f 1021/1084/1021 1026/1089/1026 1027/1090/1027
f 1027/1090/1027 985/1048/985 1021/1084/1021
f 985/1048/985 1027/1090/1027 991/1054/991
f 914/1091/914 909/972/909 805/971/805
f 909/972/909 914/1091/914 1028/1092/1028
f 1028/1092/1028 910/973/910 909/972/909
f 910/973/910 1028/1092/1028 1029/1093/1029
f 1029/1093/1029 911/974/911 910/973/910
f 911/974/911 1029/1093/1029 1030/1094/1030
f 1030/1094/1030 912/975/912 911/974/911
f 912/975/912 1030/1094/1030 1031/1095/1031
f 1031/1095/1031 913/976/913 912/975/912
f 913/976/913 1031/1095/1031 1032/1096/1032
f 1032/1096/1032 878/935/878 913/976/913
f 878/935/878 1032/1096/1032 992/1055/992
f 921/1097/921 1028/1092/1028 914/1091/914
f 1028/1092/1028 921/1097/921 1033/1098/1033
f 1033/1098/1033 1029/1093/1029 1028/1092/1028
f 1029/1093/1029 1033/1098/1033 1034/1099/1034
f 1034/1099/1034 1030/1094/1030 1029/1093/1029
f 1030/1094/1030 1034/1099/1034 1035/1100/1035
f 1035/1100/1035 1031/1095/1031 1030/1094/1030
f 1031/1095/1031 1035/1100/1035 1036/1101/1036
f 1036/1101/1036 1032/1096/1032 1031/1095/1031
f 1032/1096/1032 1036/1101/1036 1037/1102/1037
f 1037/1102/1037 992/1055/992 1032/1096/1032
f 992/1055/992 1037/1102/1037 998/1061/998
f 928/1103/928 1033/1098/1033 921/1097/921
f 1033/1098/1033 928/1103/928 1038/1104/1038
f 1038/1104/1038 1034/1099/1034 1033/1098/1033
f 1034/1099/1034 1038/1104/1038 1039/1105/1039
f 1039/1105/1039 1035/1100/1035 1034/1099/1034
f 1035/1100/1035 1039/1105/1039 1040/1106/1040
f 1040/1106/1040 1036/1101/1036 1035/1100/1035
f 1036/1101/1036 1040/1106/1040 1041/1107/1041
f 1041/1107/1041 1037/1102/1037 1036/1101/1036
f 1037/1102/1037 1041/1107/1041 1042/1108/1042
f 1042/1108/1042 998/1061/998 1037/1102/1037
f 998/1061/998 1042/1108/1042 1004/1067/1004
f 935/1109/935 1038/1104/1038 928/1103/928
f 1038/1104/1038 935/1109/935 1043/1110/1043
f 1043/1110/1043 1039/1105/1039 1038/1104/1038
f 1039/1105/1039 1043/1110/1043 1044/1111/1044
f 1044/1111/1044 1040/1106/1040 1039/1105/1039
f 1040/1106/1040 1044/1111/1044 1045/1112/1045
f 1045/1112/1045 1041/1107/1041 1040/1106/1040
f 1041/1107/1041 1045/1112/1045 1046/1113/1046
f 1046/1113/1046 1042/1108/1042 1041/1107/1041
f 1042/1108/1042 1046/1113/1046 1047/1114/1047
f 1047/1114/1047 1004/1067/1004 1042/1108/1042
f 1004/1067/1004 1047/1114/1047 1010/1073/1010
f 942/1115/942 1043/1110/1043 935/1109/935
f 1043/1110/1043 942/1115/942 1048/1116/1048
f 1048/1116/1048 1044/1111/1044 1043/1110/1043
f 1044/1111/1044 1048/1116/1048 1049/1117/1049
f 1049/1117/1049 1045/1112/1045 1044/1111/1044
f 1045/1112/1045 1049/1117/1049 1050/1118/1050
f 1050/1118/1050 1046/1113/1046 1045/1112/1045
f 1046/1113/1046 1050/1118/1050 1051/1119/1051
f 1051/1119/1051 1047/1114/1047 1046/1113/1046
f 1047/1114/1047 1051/1119/1051 1052/1120/1052
f 1052/1120/1052 1010/1073/1010 1047/1114/1047
f 1010/1073/1010 1052/1120/1052 1016/1079/1016
f 949/1121/949 1048/1116/1048 942/1115/942
f 1048/1116/1048 949/1121/949 1053/1122/1053
f 1053/1122/1053 1049/1117/1049 1048/1116/1048
f 1049/1117/1049 1053/1122/1053 1054/1123/1054
f 1054/1123/1054 1050/1118/1050 1049/1117/1049
f 1050/1118/1050 1054/1123/1054 1055/1124/1055
f 1055/1124/1055 1051/1119/1051 1050/1118/1050
f 1051/1119/1051 1055/1124/1055 1056/1125/1056
f 1056/1125/1056 1052/1120/1052 1051/1119/1051
f 1052/1120/1052 1056/1125/1056 1057/1126/1057
f 1057/1126/1057 1016/1079/1016 1052/1120/1052
f 1016/1079/1016 1057/1126/1057 1022/1085/1022
